{"config_name": "APEUSDT__adg_weighted_per_exposure_short__cluster__v1", "logging_level": 0, "long": {"auto_unstuck_ema_dist": -0.09333561990297484, "auto_unstuck_wallet_exposure_threshold": 0.05188111902590786, "backwards_tp": true, "ddown_factor": 1.6130453711201207, "ema_span_0": 509.23014706258607, "ema_span_1": 1249.5491269258132, "enabled": true, "initial_eprice_ema_dist": -0.1, "initial_qty_pct": 0.1, "markup_range": 0.04369436387210435, "min_markup": 0.0070277645576409175, "n_close_orders": 16, "rentry_pprice_dist": 0.05, "rentry_pprice_dist_wallet_exposure_weighting": 0, "wallet_exposure_limit": 0.05}, "short": {"auto_unstuck_ema_dist": 0.003, "auto_unstuck_wallet_exposure_threshold": 0.06318446792688043, "backwards_tp": true, "ddown_factor": 0.6240440254405085, "ema_span_0": 1440, "ema_span_1": 135.63587021045862, "enabled": true, "initial_eprice_ema_dist": 0.004, "initial_qty_pct": 0.01, "markup_range": 0.03434073392851744, "min_markup": 0.0038777197780448876, "n_close_orders": 9.006983034876637, "rentry_pprice_dist": 0.005, "rentry_pprice_dist_wallet_exposure_weighting": 5.682488032713769, "wallet_exposure_limit": 0.05219711934304163}}