{"config_name": "APEUSDT__adg_weighted_per_exposure_short__cluster__v0", "logging_level": 0, "long": {"auto_unstuck_ema_dist": 0.003, "auto_unstuck_wallet_exposure_threshold": 0.07458865376016094, "backwards_tp": true, "ddown_factor": 0.14656369718187112, "ema_span_0": 1440, "ema_span_1": 997.011915973661, "enabled": true, "initial_eprice_ema_dist": -0.1, "initial_qty_pct": 0.044336608198895074, "markup_range": 0.028500239533552796, "min_markup": 0.001, "n_close_orders": 10.331378147782784, "rentry_pprice_dist": 0.05, "rentry_pprice_dist_wallet_exposure_weighting": 0, "wallet_exposure_limit": 0.2}, "short": {"auto_unstuck_ema_dist": -0.00027787459994069175, "auto_unstuck_wallet_exposure_threshold": 0.03, "backwards_tp": true, "ddown_factor": 3, "ema_span_0": 414.1656375943244, "ema_span_1": 1278.3680610557572, "enabled": true, "initial_eprice_ema_dist": 0.004, "initial_qty_pct": 0.05118625103382735, "markup_range": 0.035865069434792146, "min_markup": 0.001, "n_close_orders": 13.871524130303815, "rentry_pprice_dist": 0.012927373254884512, "rentry_pprice_dist_wallet_exposure_weighting": 0, "wallet_exposure_limit": 0.025}}