{"config_name": "APEUSDT__adg_weighted_per_exposure_short__absolute__v1", "logging_level": 0, "long": {"auto_unstuck_ema_dist": -0.04478101123192665, "auto_unstuck_wallet_exposure_threshold": 0.06712934795309233, "backwards_tp": true, "ddown_factor": 1.4795510949128619, "ema_span_0": 870.5310059933703, "ema_span_1": 687.0519325067787, "enabled": true, "initial_eprice_ema_dist": -0.06317818918398116, "initial_qty_pct": 0.025280895903294846, "markup_range": 0.01665614802361115, "min_markup": 0.008495077764175542, "n_close_orders": 10.566504348816373, "rentry_pprice_dist": 0.031186411142614254, "rentry_pprice_dist_wallet_exposure_weighting": 8.635724144235352, "wallet_exposure_limit": 0.07462348268499289}, "short": {"auto_unstuck_ema_dist": -0.03063911680040475, "auto_unstuck_wallet_exposure_threshold": 0.07342566698575018, "backwards_tp": true, "ddown_factor": 0.2929574873714069, "ema_span_0": 1051.070128503248, "ema_span_1": 57.15101410315774, "enabled": true, "initial_eprice_ema_dist": -0.0475567146192239, "initial_qty_pct": 0.047732026814388755, "markup_range": 0.028253086383155147, "min_markup": 0.007495713443483217, "n_close_orders": 7.736261424554021, "rentry_pprice_dist": 0.005019566179124169, "rentry_pprice_dist_wallet_exposure_weighting": 10.316877649535405, "wallet_exposure_limit": 0.049467832763412815}}