{"config_name": "BNBUSDT__score_short__absolute__v0", "logging_level": 0, "long": {"auto_unstuck_ema_dist": -0.027542324130278583, "auto_unstuck_wallet_exposure_threshold": 0.1, "backwards_tp": true, "ddown_factor": 3, "ema_span_0": 487.45562846115297, "ema_span_1": 577.7199876299853, "enabled": true, "initial_eprice_ema_dist": 0.004, "initial_qty_pct": 0.07449303240500922, "markup_range": 0.03245617701712055, "min_markup": 0.001, "n_close_orders": 2, "rentry_pprice_dist": 0.02217784154892493, "rentry_pprice_dist_wallet_exposure_weighting": 14.405949831332846, "wallet_exposure_limit": 0.06278225732922438}, "short": {"auto_unstuck_ema_dist": -0.05040527507281438, "auto_unstuck_wallet_exposure_threshold": 0.08733202731075225, "backwards_tp": true, "ddown_factor": 1.8763867301671864, "ema_span_0": 1058.4887847861703, "ema_span_1": 1440, "enabled": true, "initial_eprice_ema_dist": -0.1, "initial_qty_pct": 0.09211530330458573, "markup_range": 0.0015847051797093364, "min_markup": 0.003439788217696662, "n_close_orders": 2, "rentry_pprice_dist": 0.04202492617516932, "rentry_pprice_dist_wallet_exposure_weighting": 20, "wallet_exposure_limit": 0.1}}