{"config_name": "BTCUSDT__score_long__absolute__v0", "logging_level": 0, "long": {"auto_unstuck_ema_dist": -0.02267146817017246, "auto_unstuck_wallet_exposure_threshold": 0.04859023903709252, "backwards_tp": true, "ddown_factor": 0.8706198124820673, "ema_span_0": 984.8190280478701, "ema_span_1": 1440, "enabled": true, "initial_eprice_ema_dist": -0.0033457182663844762, "initial_qty_pct": 0.04693508841579489, "markup_range": 0.04204697627365348, "min_markup": 0.0053683413931377945, "n_close_orders": 6.188143877719617, "rentry_pprice_dist": 0.03488424066570888, "rentry_pprice_dist_wallet_exposure_weighting": 11.864544180108304, "wallet_exposure_limit": 0.056667426620013395}, "short": {"auto_unstuck_ema_dist": -0.02557252911843745, "auto_unstuck_wallet_exposure_threshold": 0.0914949719771899, "backwards_tp": true, "ddown_factor": 0.555450679491997, "ema_span_0": 5, "ema_span_1": 511.4042657373414, "enabled": true, "initial_eprice_ema_dist": 0.004, "initial_qty_pct": 0.03258352370365279, "markup_range": 0, "min_markup": 0.0012169086716988583, "n_close_orders": 13.543393675355754, "rentry_pprice_dist": 0.018469411865376435, "rentry_pprice_dist_wallet_exposure_weighting": 3.897000864337992, "wallet_exposure_limit": 0.084662147936372}}