{"config_name": "BTCUSDT__score_long__absolute__v1", "logging_level": 0, "long": {"auto_unstuck_ema_dist": -0.04315747299584642, "auto_unstuck_wallet_exposure_threshold": 0.06482123563139106, "backwards_tp": true, "ddown_factor": 2.6906645179409563, "ema_span_0": 818.1904276050636, "ema_span_1": 415.58902952899103, "enabled": true, "initial_eprice_ema_dist": -0.029770376287440968, "initial_qty_pct": 0.01815023799640943, "markup_range": 0.013011285399107664, "min_markup": 0.00391817843397268, "n_close_orders": 2, "rentry_pprice_dist": 0.027288346377619975, "rentry_pprice_dist_wallet_exposure_weighting": 20, "wallet_exposure_limit": 0.117765487340748}, "short": {"auto_unstuck_ema_dist": -0.025422954847584205, "auto_unstuck_wallet_exposure_threshold": 0.09155624764711774, "backwards_tp": true, "ddown_factor": 0.5509218635418252, "ema_span_0": 5, "ema_span_1": 512.2835570768658, "enabled": true, "initial_eprice_ema_dist": 0.004, "initial_qty_pct": 0.03259670881567787, "markup_range": 0, "min_markup": 0.0012196995673810274, "n_close_orders": 13.339231195651019, "rentry_pprice_dist": 0.022219591301973686, "rentry_pprice_dist_wallet_exposure_weighting": 4.050617625470304, "wallet_exposure_limit": 0.0852297564629859}}