{"config_name": "BTCUSDT__score_long__absolute__v2", "logging_level": 0, "long": {"auto_unstuck_ema_dist": -0.04417200074742592, "auto_unstuck_wallet_exposure_threshold": 0.06477706617214378, "backwards_tp": true, "ddown_factor": 1.5178677600300186, "ema_span_0": 584.1440379387161, "ema_span_1": 943.8470931634743, "enabled": true, "initial_eprice_ema_dist": -0.02485579901313656, "initial_qty_pct": 0.023768981401699, "markup_range": 0.0015807309551171067, "min_markup": 0.0027601792627928914, "n_close_orders": 2, "rentry_pprice_dist": 0.02823662808969672, "rentry_pprice_dist_wallet_exposure_weighting": 18.570318487962183, "wallet_exposure_limit": 0.15505172106434767}, "short": {"auto_unstuck_ema_dist": -0.025958307400089677, "auto_unstuck_wallet_exposure_threshold": 0.09065307098111111, "backwards_tp": true, "ddown_factor": 0.578445522943198, "ema_span_0": 5, "ema_span_1": 512.9239590728433, "enabled": true, "initial_eprice_ema_dist": 0.004, "initial_qty_pct": 0.0325636990460709, "markup_range": 0, "min_markup": 0.0012236928009382792, "n_close_orders": 13.388809982303673, "rentry_pprice_dist": 0.02267568464882691, "rentry_pprice_dist_wallet_exposure_weighting": 3.873671476015394, "wallet_exposure_limit": 0.08621203080084283}}