{"config_name": "BTCUSDT__score_mult__absolute__v1", "logging_level": 0, "long": {"auto_unstuck_ema_dist": -0.009551494059116677, "auto_unstuck_wallet_exposure_threshold": 0.03, "backwards_tp": true, "ddown_factor": 1.7157062444415463, "ema_span_0": 1115.9185838694198, "ema_span_1": 689.7612791644004, "enabled": true, "initial_eprice_ema_dist": 0.004, "initial_qty_pct": 0.01, "markup_range": 0.009574412182197244, "min_markup": 0.0036144196525416793, "n_close_orders": 8.56748976748387, "rentry_pprice_dist": 0.027897885836284497, "rentry_pprice_dist_wallet_exposure_weighting": 20, "wallet_exposure_limit": 0.12039768617182854}, "short": {"auto_unstuck_ema_dist": -0.04426188491431622, "auto_unstuck_wallet_exposure_threshold": 0.03, "backwards_tp": true, "ddown_factor": 2.495152064315353, "ema_span_0": 851.2357667228091, "ema_span_1": 1143.2085088954839, "enabled": true, "initial_eprice_ema_dist": -0.09849182156579893, "initial_qty_pct": 0.1, "markup_range": 0.04658604625185286, "min_markup": 0.006934309401746462, "n_close_orders": 2, "rentry_pprice_dist": 0.05, "rentry_pprice_dist_wallet_exposure_weighting": 16.76387398126313, "wallet_exposure_limit": 0.056117941049157766}}