{"config_name": "BTCUSDT__score_mult__absolute__v2", "logging_level": 0, "long": {"auto_unstuck_ema_dist": -0.08180001323994926, "auto_unstuck_wallet_exposure_threshold": 0.09347089703977604, "backwards_tp": true, "ddown_factor": 3, "ema_span_0": 5, "ema_span_1": 1440, "enabled": true, "initial_eprice_ema_dist": 0.004, "initial_qty_pct": 0.04508683039394112, "markup_range": 0.010430850620597357, "min_markup": 0.009780951824829983, "n_close_orders": 11.2018764022781, "rentry_pprice_dist": 0.02386150091158755, "rentry_pprice_dist_wallet_exposure_weighting": 20, "wallet_exposure_limit": 0.14040280804725208}, "short": {"auto_unstuck_ema_dist": -0.09122668854100982, "auto_unstuck_wallet_exposure_threshold": 0.03, "backwards_tp": true, "ddown_factor": 0.1856199955189961, "ema_span_0": 1440, "ema_span_1": 1365.755656167224, "enabled": true, "initial_eprice_ema_dist": -0.01728884949865768, "initial_qty_pct": 0.01, "markup_range": 0.06, "min_markup": 0.001, "n_close_orders": 2, "rentry_pprice_dist": 0.036245800230458286, "rentry_pprice_dist_wallet_exposure_weighting": 20, "wallet_exposure_limit": 0.1}}