{"config_name": "CHZUSDT__adg_w_exp_mult__absolute__v2", "logging_level": 0, "long": {"auto_unstuck_ema_dist": 0.003, "auto_unstuck_wallet_exposure_threshold": 0.03834922949090373, "backwards_tp": true, "ddown_factor": 1.5002404853528324, "ema_span_0": 632.1386578628982, "ema_span_1": 462.2145684387979, "enabled": true, "initial_eprice_ema_dist": 0.003644413202285528, "initial_qty_pct": 0.07505721494249402, "markup_range": 0.019823495879392382, "min_markup": 0.005722721838104131, "n_close_orders": 14.674925149836266, "rentry_pprice_dist": 0.005961951280704434, "rentry_pprice_dist_wallet_exposure_weighting": 2.1092496493227255, "wallet_exposure_limit": 0.152004234094047}, "short": {"auto_unstuck_ema_dist": 0.0007254763113761584, "auto_unstuck_wallet_exposure_threshold": 0.06960202414429859, "backwards_tp": true, "ddown_factor": 1.2237293285554736, "ema_span_0": 1189.6733078167688, "ema_span_1": 779.6937012068412, "enabled": true, "initial_eprice_ema_dist": -0.05895125703766045, "initial_qty_pct": 0.1, "markup_range": 0.024073816247588798, "min_markup": 0.009134607242683753, "n_close_orders": 10.099321101496965, "rentry_pprice_dist": 0.027454094007056992, "rentry_pprice_dist_wallet_exposure_weighting": 0.8801997479362498, "wallet_exposure_limit": 0.04374017446117826}}