{"config_name": "COMPUSDT__score_short__absolute__v1", "logging_level": 0, "long": {"auto_unstuck_ema_dist": -0.03196458766928118, "auto_unstuck_wallet_exposure_threshold": 0.046429097485186074, "backwards_tp": true, "ddown_factor": 1.4722156582495005, "ema_span_0": 1440, "ema_span_1": 5, "enabled": true, "initial_eprice_ema_dist": -0.06271487939262828, "initial_qty_pct": 0.01, "markup_range": 0.03045429733258839, "min_markup": 0.004207371812402114, "n_close_orders": 12.442902589404529, "rentry_pprice_dist": 0.05, "rentry_pprice_dist_wallet_exposure_weighting": 20, "wallet_exposure_limit": 0.05547488869297011}, "short": {"auto_unstuck_ema_dist": -0.1, "auto_unstuck_wallet_exposure_threshold": 0.1, "backwards_tp": true, "ddown_factor": 0.9547211238857356, "ema_span_0": 1184.4301267343617, "ema_span_1": 1007.5122644323294, "enabled": true, "initial_eprice_ema_dist": -0.015935641312329038, "initial_qty_pct": 0.034974550443805895, "markup_range": 0.06, "min_markup": 0.0065086060879628906, "n_close_orders": 10.325563081671064, "rentry_pprice_dist": 0.04515300475284714, "rentry_pprice_dist_wallet_exposure_weighting": 20, "wallet_exposure_limit": 0.025}}