{"config_name": "DARUSDT__gain_short__absolute__v0", "logging_level": 0, "long": {"auto_unstuck_ema_dist": -0.1, "auto_unstuck_wallet_exposure_threshold": 0.06805727194481397, "backwards_tp": true, "ddown_factor": 1.5122008139733183, "ema_span_0": 520.399537429286, "ema_span_1": 1156.9021016991705, "enabled": true, "initial_eprice_ema_dist": -0.04165758552578952, "initial_qty_pct": 0.01, "markup_range": 0, "min_markup": 0.006340135390297661, "n_close_orders": 16, "rentry_pprice_dist": 0.03386107345643595, "rentry_pprice_dist_wallet_exposure_weighting": 6.104004273141125, "wallet_exposure_limit": 0.0784711584616743}, "short": {"auto_unstuck_ema_dist": -0.022008009151840188, "auto_unstuck_wallet_exposure_threshold": 0.03, "backwards_tp": true, "ddown_factor": 1.9706139038145747, "ema_span_0": 680.313824466062, "ema_span_1": 1150.1744767009516, "enabled": true, "initial_eprice_ema_dist": -0.1, "initial_qty_pct": 0.055378955923901685, "markup_range": 0.03547062103035689, "min_markup": 0.009821209607490045, "n_close_orders": 10.521600390479188, "rentry_pprice_dist": 0.05, "rentry_pprice_dist_wallet_exposure_weighting": 0, "wallet_exposure_limit": 0.1}}