{"config_name": "ETHUSDT__score_mult__absolute__v0", "logging_level": 0, "long": {"auto_unstuck_ema_dist": -0.02548559127059478, "auto_unstuck_wallet_exposure_threshold": 0.09268253571501654, "backwards_tp": true, "ddown_factor": 3, "ema_span_0": 1440, "ema_span_1": 779.3875903634289, "enabled": true, "initial_eprice_ema_dist": -0.07296316561377802, "initial_qty_pct": 0.01268543403605472, "markup_range": 0.010817747234845566, "min_markup": 0.005558963777643243, "n_close_orders": 7.389198405214589, "rentry_pprice_dist": 0.05, "rentry_pprice_dist_wallet_exposure_weighting": 10.469897179978332, "wallet_exposure_limit": 0.2}, "short": {"auto_unstuck_ema_dist": -0.08050585102552799, "auto_unstuck_wallet_exposure_threshold": 0.07280088946956742, "backwards_tp": true, "ddown_factor": 1.5481347842059108, "ema_span_0": 5, "ema_span_1": 1202.2392148030372, "enabled": true, "initial_eprice_ema_dist": -0.025079813042066235, "initial_qty_pct": 0.03346299140067474, "markup_range": 0.04174701089775143, "min_markup": 0.005731556334863477, "n_close_orders": 4.327006968895856, "rentry_pprice_dist": 0.05, "rentry_pprice_dist_wallet_exposure_weighting": 17.83128777047358, "wallet_exposure_limit": 0.030549665980901045}}