{"config_name": "GALUSDT__gain_short__absolute__v1", "logging_level": 0, "long": {"auto_unstuck_ema_dist": -0.1, "auto_unstuck_wallet_exposure_threshold": 0.09391324865272464, "backwards_tp": true, "ddown_factor": 2.4770410242429532, "ema_span_0": 923.9613960124266, "ema_span_1": 893.2744919459433, "enabled": true, "initial_eprice_ema_dist": 0.004, "initial_qty_pct": 0.01, "markup_range": 0, "min_markup": 0.007850342699465343, "n_close_orders": 4.897554812522788, "rentry_pprice_dist": 0.022970761123284476, "rentry_pprice_dist_wallet_exposure_weighting": 12.369981589349628, "wallet_exposure_limit": 0.2}, "short": {"auto_unstuck_ema_dist": -0.03258360714533231, "auto_unstuck_wallet_exposure_threshold": 0.06562069949081697, "backwards_tp": true, "ddown_factor": 0.7820054779799892, "ema_span_0": 1440, "ema_span_1": 627.0890229487658, "enabled": true, "initial_eprice_ema_dist": -0.08927736980404705, "initial_qty_pct": 0.01, "markup_range": 0, "min_markup": 0.006680120036416574, "n_close_orders": 8.992752128320056, "rentry_pprice_dist": 0.005, "rentry_pprice_dist_wallet_exposure_weighting": 20, "wallet_exposure_limit": 0.09442253138641557}}