{"config_name": "ICXUSDT__score_short__cluster__v1", "logging_level": 0, "long": {"auto_unstuck_ema_dist": 0.0013329992484205568, "auto_unstuck_wallet_exposure_threshold": 0.04370829525275421, "backwards_tp": true, "ddown_factor": 2.8869993103796925, "ema_span_0": 205.38625838831783, "ema_span_1": 1301.3746558837595, "enabled": true, "initial_eprice_ema_dist": -0.08358853333907101, "initial_qty_pct": 0.012160114434885393, "markup_range": 0.00011815836975315549, "min_markup": 0.00134917526099555, "n_close_orders": 13.111303253317029, "rentry_pprice_dist": 0.02879179808666945, "rentry_pprice_dist_wallet_exposure_weighting": 7.840038193829223, "wallet_exposure_limit": 0.07802657779454421}, "short": {"auto_unstuck_ema_dist": 0.003, "auto_unstuck_wallet_exposure_threshold": 0.03500835829729596, "backwards_tp": true, "ddown_factor": 1.3076978340150078, "ema_span_0": 671.5652682800195, "ema_span_1": 1229.2776349856872, "enabled": true, "initial_eprice_ema_dist": -0.00237302894436386, "initial_qty_pct": 0.01, "markup_range": 0.004050770372818045, "min_markup": 0.001, "n_close_orders": 3.322266905147237, "rentry_pprice_dist": 0.021372106728169478, "rentry_pprice_dist_wallet_exposure_weighting": 0.9083655568148814, "wallet_exposure_limit": 0.1}}