{"config_name": "ICXUSDT__score_short__cluster__v2", "logging_level": 0, "long": {"auto_unstuck_ema_dist": 0.002027373811636405, "auto_unstuck_wallet_exposure_threshold": 0.042860321315756254, "backwards_tp": true, "ddown_factor": 2.6808450090557057, "ema_span_0": 227.13845645722841, "ema_span_1": 1307.5742081189135, "enabled": true, "initial_eprice_ema_dist": -0.08732619128408703, "initial_qty_pct": 0.011643792888485468, "markup_range": 3.5086237725855103e-05, "min_markup": 0.001839166755478322, "n_close_orders": 12.820460630296434, "rentry_pprice_dist": 0.030767559866168238, "rentry_pprice_dist_wallet_exposure_weighting": 8.011819084725184, "wallet_exposure_limit": 0.08308444940476566}, "short": {"auto_unstuck_ema_dist": 0.003, "auto_unstuck_wallet_exposure_threshold": 0.03503420770032549, "backwards_tp": true, "ddown_factor": 1.2804143633535936, "ema_span_0": 674.9490883444113, "ema_span_1": 1228.8146297500746, "enabled": true, "initial_eprice_ema_dist": -0.0015245903130274273, "initial_qty_pct": 0.01, "markup_range": 0.004926662222103237, "min_markup": 0.001, "n_close_orders": 3.3125038157586864, "rentry_pprice_dist": 0.02159844917131836, "rentry_pprice_dist_wallet_exposure_weighting": 0.9135307489039928, "wallet_exposure_limit": 0.1}}