{"config_name": "ICXUSDT__score_short__cluster__v0", "logging_level": 0, "long": {"auto_unstuck_ema_dist": 0.0012209064096107007, "auto_unstuck_wallet_exposure_threshold": 0.04391586722741623, "backwards_tp": true, "ddown_factor": 2.506379942244279, "ema_span_0": 228.14594154352258, "ema_span_1": 1160.2873095797142, "enabled": true, "initial_eprice_ema_dist": -0.07470753314518044, "initial_qty_pct": 0.01221947754511305, "markup_range": 0.0008708517808165314, "min_markup": 0.0019014785413864475, "n_close_orders": 12.293384215748796, "rentry_pprice_dist": 0.02915774065713726, "rentry_pprice_dist_wallet_exposure_weighting": 8.967527039726216, "wallet_exposure_limit": 0.08056780997788732}, "short": {"auto_unstuck_ema_dist": 0.003, "auto_unstuck_wallet_exposure_threshold": 0.034884378068597316, "backwards_tp": true, "ddown_factor": 1.5233357059085562, "ema_span_0": 670.3213022062447, "ema_span_1": 1187.0840918969839, "enabled": true, "initial_eprice_ema_dist": -0.002145628890350202, "initial_qty_pct": 0.01000000253543676, "markup_range": 0.004961179251098935, "min_markup": 0.001, "n_close_orders": 3.2718590682641002, "rentry_pprice_dist": 0.020690872976143422, "rentry_pprice_dist_wallet_exposure_weighting": 0.890494669605119, "wallet_exposure_limit": 0.09998546897210837}}