{"config_name": "IMXUSDT__adg_w_exp_mult__cluster__v0", "logging_level": 0, "long": {"auto_unstuck_ema_dist": 0.0008266012838583877, "auto_unstuck_wallet_exposure_threshold": 0.07023281183963427, "backwards_tp": true, "ddown_factor": 0.26507212929996626, "ema_span_0": 246.1420164150516, "ema_span_1": 1413.8480333621465, "enabled": true, "initial_eprice_ema_dist": -0.015678112409181835, "initial_qty_pct": 0.01926805374436084, "markup_range": 4.5220093586182434e-05, "min_markup": 0.008410691329144238, "n_close_orders": 12.563484532482343, "rentry_pprice_dist": 0.021245343407198403, "rentry_pprice_dist_wallet_exposure_weighting": 0.15447390551639212, "wallet_exposure_limit": 0.07436699402842074}, "short": {"auto_unstuck_ema_dist": -0.028341358369652757, "auto_unstuck_wallet_exposure_threshold": 0.09289239890108257, "backwards_tp": true, "ddown_factor": 1.9433078852147307, "ema_span_0": 551.4328348195181, "ema_span_1": 1261.3711340628504, "enabled": true, "initial_eprice_ema_dist": 0.004, "initial_qty_pct": 0.02877741994143641, "markup_range": 0.009136005297981135, "min_markup": 0.0067663438610447825, "n_close_orders": 2.3020120376245323, "rentry_pprice_dist": 0.044750907234363056, "rentry_pprice_dist_wallet_exposure_weighting": 0, "wallet_exposure_limit": 0.07783073001021257}}