{"config_name": "IMXUSDT__score2_mult__absolute__v2", "logging_level": 0, "long": {"auto_unstuck_ema_dist": 0.0008310748160319236, "auto_unstuck_wallet_exposure_threshold": 0.070284655092501, "backwards_tp": true, "ddown_factor": 0.26511719891142244, "ema_span_0": 245.1694119637984, "ema_span_1": 1413.8845553117621, "enabled": true, "initial_eprice_ema_dist": -0.01572064282670713, "initial_qty_pct": 0.01926876875090564, "markup_range": 4.508342462913937e-05, "min_markup": 0.008414053386885941, "n_close_orders": 12.566992730079793, "rentry_pprice_dist": 0.02124511148312075, "rentry_pprice_dist_wallet_exposure_weighting": 0.15284860016946875, "wallet_exposure_limit": 0.0743775607691238}, "short": {"auto_unstuck_ema_dist": -0.028397728323120534, "auto_unstuck_wallet_exposure_threshold": 0.09290775593921045, "backwards_tp": true, "ddown_factor": 1.9425506866080255, "ema_span_0": 551.5276751021577, "ema_span_1": 1261.4962749812814, "enabled": true, "initial_eprice_ema_dist": 0.004, "initial_qty_pct": 0.028745634742984146, "markup_range": 0.009135464754487335, "min_markup": 0.006789998368675857, "n_close_orders": 2.303533176171565, "rentry_pprice_dist": 0.04475083596475659, "rentry_pprice_dist_wallet_exposure_weighting": 0, "wallet_exposure_limit": 0.077825695872308}}