{"config_name": "IMXUSDT__adg_weighted_per_exposure_long__cluster__v0", "logging_level": 0, "long": {"auto_unstuck_ema_dist": 0.0008308458755889231, "auto_unstuck_wallet_exposure_threshold": 0.07022434278123502, "backwards_tp": true, "ddown_factor": 0.26521012324974585, "ema_span_0": 246.38173653273537, "ema_span_1": 1413.880912290399, "enabled": true, "initial_eprice_ema_dist": -0.015676845913802227, "initial_qty_pct": 0.01926715291887195, "markup_range": 4.515127760983806e-05, "min_markup": 0.008411918136877866, "n_close_orders": 12.567111056811124, "rentry_pprice_dist": 0.021245111281111922, "rentry_pprice_dist_wallet_exposure_weighting": 0.15547142705932104, "wallet_exposure_limit": 0.07437841853972652}, "short": {"auto_unstuck_ema_dist": -0.028393952976614293, "auto_unstuck_wallet_exposure_threshold": 0.09289401942233802, "backwards_tp": true, "ddown_factor": 1.9440834442078652, "ema_span_0": 551.9133808014086, "ema_span_1": 1261.0651550145105, "enabled": true, "initial_eprice_ema_dist": 0.004, "initial_qty_pct": 0.028769695002663347, "markup_range": 0.009147643676390557, "min_markup": 0.006803941159437608, "n_close_orders": 2.3001902912506025, "rentry_pprice_dist": 0.04474996316608449, "rentry_pprice_dist_wallet_exposure_weighting": 0, "wallet_exposure_limit": 0.07782230929888843}}