{"config_name": "IMXUSDT__adg_w_exp_mult__cluster__v2", "logging_level": 0, "long": {"auto_unstuck_ema_dist": 0.0008341087939410649, "auto_unstuck_wallet_exposure_threshold": 0.07020879301226103, "backwards_tp": true, "ddown_factor": 0.26494964658224507, "ema_span_0": 244.83834424030943, "ema_span_1": 1413.8593645920319, "enabled": true, "initial_eprice_ema_dist": -0.0157348878608887, "initial_qty_pct": 0.01927534807717009, "markup_range": 4.513942264405219e-05, "min_markup": 0.008402526983696843, "n_close_orders": 12.558499162256892, "rentry_pprice_dist": 0.021244762523054943, "rentry_pprice_dist_wallet_exposure_weighting": 0.15467897465928512, "wallet_exposure_limit": 0.07437309004549304}, "short": {"auto_unstuck_ema_dist": -0.028347557533997397, "auto_unstuck_wallet_exposure_threshold": 0.09290938779712193, "backwards_tp": true, "ddown_factor": 1.9426409886890483, "ema_span_0": 551.4947516501502, "ema_span_1": 1260.9881239301424, "enabled": true, "initial_eprice_ema_dist": 0.004, "initial_qty_pct": 0.028761508945774134, "markup_range": 0.009120592057921748, "min_markup": 0.006789241665939997, "n_close_orders": 2.304439318927039, "rentry_pprice_dist": 0.04474235318500434, "rentry_pprice_dist_wallet_exposure_weighting": 0, "wallet_exposure_limit": 0.07783168889030785}}