{"config_name": "IMXUSDT__adg_weighted_per_exposure_long__cluster__v1", "logging_level": 0, "long": {"auto_unstuck_ema_dist": 0.0008309232408876709, "auto_unstuck_wallet_exposure_threshold": 0.07025722942629219, "backwards_tp": true, "ddown_factor": 0.2651459220078352, "ema_span_0": 246.16251112077939, "ema_span_1": 1413.882478363045, "enabled": true, "initial_eprice_ema_dist": -0.015693911096726236, "initial_qty_pct": 0.01926804648002722, "markup_range": 4.513311125812045e-05, "min_markup": 0.008412450376797479, "n_close_orders": 12.56706715489091, "rentry_pprice_dist": 0.02124511133287984, "rentry_pprice_dist_wallet_exposure_weighting": 0.1547590295273506, "wallet_exposure_limit": 0.07437825467665922}, "short": {"auto_unstuck_ema_dist": -0.028318336828487542, "auto_unstuck_wallet_exposure_threshold": 0.09295511495441569, "backwards_tp": true, "ddown_factor": 1.9419240741440618, "ema_span_0": 550.1541140714527, "ema_span_1": 1262.2766634305062, "enabled": true, "initial_eprice_ema_dist": 0.004, "initial_qty_pct": 0.028758279767274752, "markup_range": 0.00908848391653572, "min_markup": 0.006751693172144956, "n_close_orders": 2.3024675994887995, "rentry_pprice_dist": 0.04475358015672035, "rentry_pprice_dist_wallet_exposure_weighting": 0, "wallet_exposure_limit": 0.07784457349726286}}