{"config_name": "IMXUSDT__adg_weighted_per_exposure_long__cluster__v2", "logging_level": 0, "long": {"auto_unstuck_ema_dist": 0.0008309326343875522, "auto_unstuck_wallet_exposure_threshold": 0.07022475002284968, "backwards_tp": true, "ddown_factor": 0.26514403495822336, "ema_span_0": 246.16452321595733, "ema_span_1": 1413.8828169512356, "enabled": true, "initial_eprice_ema_dist": -0.015687336822090926, "initial_qty_pct": 0.019268734940127007, "markup_range": 4.5105779887599646e-05, "min_markup": 0.008412134904854544, "n_close_orders": 12.56579018867572, "rentry_pprice_dist": 0.021245111678715036, "rentry_pprice_dist_wallet_exposure_weighting": 0.1543288991856739, "wallet_exposure_limit": 0.07437487627677465}, "short": {"auto_unstuck_ema_dist": -0.028349595818314477, "auto_unstuck_wallet_exposure_threshold": 0.09299528501905314, "backwards_tp": true, "ddown_factor": 1.9424608169898996, "ema_span_0": 548.5757255269807, "ema_span_1": 1263.08062221108, "enabled": true, "initial_eprice_ema_dist": 0.004, "initial_qty_pct": 0.028771164843280874, "markup_range": 0.009044623052112791, "min_markup": 0.006739847299082186, "n_close_orders": 2.301353559543646, "rentry_pprice_dist": 0.044744487863342716, "rentry_pprice_dist_wallet_exposure_weighting": 0, "wallet_exposure_limit": 0.07785694618757347}}