{"config_name": "IMXUSDT__score_long__cluster__v1", "logging_level": 0, "long": {"auto_unstuck_ema_dist": 0.0011769446348761765, "auto_unstuck_wallet_exposure_threshold": 0.07179299908963899, "backwards_tp": true, "ddown_factor": 0.23620413807053378, "ema_span_0": 200.66799827865503, "ema_span_1": 1413.6033925393172, "enabled": true, "initial_eprice_ema_dist": -0.015768886422109187, "initial_qty_pct": 0.019411846733467436, "markup_range": 4.542007448428067e-05, "min_markup": 0.008137241016620295, "n_close_orders": 12.3764921032811, "rentry_pprice_dist": 0.021125739413833947, "rentry_pprice_dist_wallet_exposure_weighting": 0.15923295042960967, "wallet_exposure_limit": 0.07416324290221128}, "short": {"auto_unstuck_ema_dist": -0.028138762248415626, "auto_unstuck_wallet_exposure_threshold": 0.09305671637848589, "backwards_tp": true, "ddown_factor": 1.9412753774680855, "ema_span_0": 548.8922841934781, "ema_span_1": 1262.3007793650481, "enabled": true, "initial_eprice_ema_dist": 0.004, "initial_qty_pct": 0.028833463988213973, "markup_range": 0.008966175043743202, "min_markup": 0.0067396942439925875, "n_close_orders": 2.2975429544748436, "rentry_pprice_dist": 0.04476193960807265, "rentry_pprice_dist_wallet_exposure_weighting": 0, "wallet_exposure_limit": 0.07783092889202539}}