{"config_name": "IMXUSDT__score_long__cluster__v2", "logging_level": 0, "long": {"auto_unstuck_ema_dist": 0.001064802270094527, "auto_unstuck_wallet_exposure_threshold": 0.07040148697721843, "backwards_tp": true, "ddown_factor": 0.2377272157551571, "ema_span_0": 236.43578540924022, "ema_span_1": 1415.4732669924333, "enabled": true, "initial_eprice_ema_dist": -0.015701654550621596, "initial_qty_pct": 0.018896450226313536, "markup_range": 4.606709907140697e-05, "min_markup": 0.00834466371994574, "n_close_orders": 12.423925409161134, "rentry_pprice_dist": 0.021144657879903467, "rentry_pprice_dist_wallet_exposure_weighting": 0.1536652536224995, "wallet_exposure_limit": 0.07458385181225234}, "short": {"auto_unstuck_ema_dist": -0.02821829394482917, "auto_unstuck_wallet_exposure_threshold": 0.09287932273789824, "backwards_tp": true, "ddown_factor": 1.9420465940958525, "ema_span_0": 550.8415528969947, "ema_span_1": 1261.7922497137024, "enabled": true, "initial_eprice_ema_dist": 0.004, "initial_qty_pct": 0.028777518226786244, "markup_range": 0.009068722711638116, "min_markup": 0.006740503073067375, "n_close_orders": 2.302590230229737, "rentry_pprice_dist": 0.04474404266598448, "rentry_pprice_dist_wallet_exposure_weighting": 0, "wallet_exposure_limit": 0.07783775387186577}}