{"config_name": "IMXUSDT__score_mult__cluster__v1", "logging_level": 0, "long": {"auto_unstuck_ema_dist": 0.0008330217243063803, "auto_unstuck_wallet_exposure_threshold": 0.07022414447999209, "backwards_tp": true, "ddown_factor": 0.26500840576414636, "ema_span_0": 244.89701096202913, "ema_span_1": 1413.8485903975204, "enabled": true, "initial_eprice_ema_dist": -0.01575123932249195, "initial_qty_pct": 0.019274760715963013, "markup_range": 4.5186684630036085e-05, "min_markup": 0.008402701379758185, "n_close_orders": 12.558033263928783, "rentry_pprice_dist": 0.021244819440245293, "rentry_pprice_dist_wallet_exposure_weighting": 0.1544894501751069, "wallet_exposure_limit": 0.07437280712178525}, "short": {"auto_unstuck_ema_dist": -0.028337998792660288, "auto_unstuck_wallet_exposure_threshold": 0.09291028038706182, "backwards_tp": true, "ddown_factor": 1.9429298164775826, "ema_span_0": 551.5028998025919, "ema_span_1": 1261.0021143675247, "enabled": true, "initial_eprice_ema_dist": 0.004, "initial_qty_pct": 0.028775011332901775, "markup_range": 0.009132013001218162, "min_markup": 0.006787723905300731, "n_close_orders": 2.3032098913614307, "rentry_pprice_dist": 0.044746325724738044, "rentry_pprice_dist_wallet_exposure_weighting": 0, "wallet_exposure_limit": 0.07783125572392452}}