{"config_name": "IMXUSDT__score_long__cluster__v0", "logging_level": 0, "long": {"auto_unstuck_ema_dist": 0.0010276663669536246, "auto_unstuck_wallet_exposure_threshold": 0.07211634715373626, "backwards_tp": true, "ddown_factor": 0.2373083783950481, "ema_span_0": 208.44457696118883, "ema_span_1": 1413.6323547134255, "enabled": true, "initial_eprice_ema_dist": -0.015770327080984838, "initial_qty_pct": 0.019368715976838615, "markup_range": 4.5708137395557256e-05, "min_markup": 0.008034587622653001, "n_close_orders": 12.37289156025666, "rentry_pprice_dist": 0.021100273668009213, "rentry_pprice_dist_wallet_exposure_weighting": 0.15798381907863734, "wallet_exposure_limit": 0.0742939053553141}, "short": {"auto_unstuck_ema_dist": -0.028142624425735906, "auto_unstuck_wallet_exposure_threshold": 0.09305257219593051, "backwards_tp": true, "ddown_factor": 1.9415265455907276, "ema_span_0": 548.3901024878049, "ema_span_1": 1262.486195885433, "enabled": true, "initial_eprice_ema_dist": 0.004, "initial_qty_pct": 0.02882670914539099, "markup_range": 0.008948780747605214, "min_markup": 0.006740073217067568, "n_close_orders": 2.2980026384892507, "rentry_pprice_dist": 0.04475195212463732, "rentry_pprice_dist_wallet_exposure_weighting": 0, "wallet_exposure_limit": 0.07781033042869206}}