{"config_name": "JASMYUSDT__adg_weighted_per_exposure_short__cluster__v2", "logging_level": 0, "long": {"auto_unstuck_ema_dist": -0.1, "auto_unstuck_wallet_exposure_threshold": 0.08002602194727129, "backwards_tp": true, "ddown_factor": 2.672673186030316, "ema_span_0": 448.22930783207755, "ema_span_1": 22.760098607811045, "enabled": true, "initial_eprice_ema_dist": -0.024319772586193406, "initial_qty_pct": 0.06908638434288344, "markup_range": 0.01780666290510761, "min_markup": 0.007436567529141886, "n_close_orders": 2, "rentry_pprice_dist": 0.020911508047211043, "rentry_pprice_dist_wallet_exposure_weighting": 7.80144148385442, "wallet_exposure_limit": 0.2}, "short": {"auto_unstuck_ema_dist": 0.003, "auto_unstuck_wallet_exposure_threshold": 0.1, "backwards_tp": true, "ddown_factor": 2.517175242406595, "ema_span_0": 1233.3992991111747, "ema_span_1": 930.0174734044331, "enabled": true, "initial_eprice_ema_dist": 0.004, "initial_qty_pct": 0.09814182865575663, "markup_range": 0, "min_markup": 0.009840384485978928, "n_close_orders": 4.783253108848994, "rentry_pprice_dist": 0.03437490030696437, "rentry_pprice_dist_wallet_exposure_weighting": 0, "wallet_exposure_limit": 0.1}}