{"config_name": "LITUSDT__gain_long__absolute__v1", "logging_level": 0, "long": {"auto_unstuck_ema_dist": -0.07687826357146042, "auto_unstuck_wallet_exposure_threshold": 0.0790224525825506, "backwards_tp": true, "ddown_factor": 1.366004163535289, "ema_span_0": 15.298760874005893, "ema_span_1": 1020.0351082949057, "enabled": true, "initial_eprice_ema_dist": -0.06332508315982163, "initial_qty_pct": 0.01, "markup_range": 0.021735885012013477, "min_markup": 0.0021398091640786082, "n_close_orders": 14.242913018477683, "rentry_pprice_dist": 0.0063239570882203736, "rentry_pprice_dist_wallet_exposure_weighting": 18.148706862557905, "wallet_exposure_limit": 0.15879246003538092}, "short": {"auto_unstuck_ema_dist": -0.02838137703871981, "auto_unstuck_wallet_exposure_threshold": 0.04479363255177782, "backwards_tp": true, "ddown_factor": 0.3321902449439854, "ema_span_0": 1191.689991577155, "ema_span_1": 182.37636537605965, "enabled": true, "initial_eprice_ema_dist": 0.004, "initial_qty_pct": 0.046406600873921705, "markup_range": 0.0005987131600258864, "min_markup": 0.004188223999486026, "n_close_orders": 12.714931671623745, "rentry_pprice_dist": 0.03626985564877658, "rentry_pprice_dist_wallet_exposure_weighting": 9.786836205017536, "wallet_exposure_limit": 0.08563183952809542}}