{"config_name": "LITUSDT__gain_long__absolute__v0", "logging_level": 0, "long": {"auto_unstuck_ema_dist": 0.00037646994792861835, "auto_unstuck_wallet_exposure_threshold": 0.04983851235548072, "backwards_tp": true, "ddown_factor": 2.6322372911244343, "ema_span_0": 914.9060439568426, "ema_span_1": 248.29374034080814, "enabled": true, "initial_eprice_ema_dist": -0.04640350537819101, "initial_qty_pct": 0.01, "markup_range": 0.00985451614362966, "min_markup": 0.0027678132647941285, "n_close_orders": 5.792134052547763, "rentry_pprice_dist": 0.05, "rentry_pprice_dist_wallet_exposure_weighting": 0.14583983236775833, "wallet_exposure_limit": 0.10468483653154047}, "short": {"auto_unstuck_ema_dist": -0.026648330242339622, "auto_unstuck_wallet_exposure_threshold": 0.05654440069874984, "backwards_tp": true, "ddown_factor": 0.8039177983765721, "ema_span_0": 1288.8352808803872, "ema_span_1": 947.4625660162361, "enabled": true, "initial_eprice_ema_dist": -0.006325327392390127, "initial_qty_pct": 0.02770238105279976, "markup_range": 8.218657322096137e-05, "min_markup": 0.004096723439600516, "n_close_orders": 14.845071068360163, "rentry_pprice_dist": 0.04816252500554337, "rentry_pprice_dist_wallet_exposure_weighting": 8.269033292060787, "wallet_exposure_limit": 0.08707443328784473}}