{"config_name": "LITUSDT__gain_long__absolute__v2", "logging_level": 0, "long": {"auto_unstuck_ema_dist": -0.06138599968583748, "auto_unstuck_wallet_exposure_threshold": 0.04035536679924908, "backwards_tp": true, "ddown_factor": 1.3707885854186195, "ema_span_0": 980.4469149212777, "ema_span_1": 329.9000158870666, "enabled": true, "initial_eprice_ema_dist": -0.03285783909913152, "initial_qty_pct": 0.01, "markup_range": 0.00995388012084402, "min_markup": 0.0023764171250776193, "n_close_orders": 5.964621483282006, "rentry_pprice_dist": 0.04655634246440394, "rentry_pprice_dist_wallet_exposure_weighting": 2.0126878609079726, "wallet_exposure_limit": 0.17119326480338043}, "short": {"auto_unstuck_ema_dist": -0.03587525898470045, "auto_unstuck_wallet_exposure_threshold": 0.0654717127671322, "backwards_tp": true, "ddown_factor": 1.079562794071629, "ema_span_0": 1140.4296686379503, "ema_span_1": 976.827995110167, "enabled": true, "initial_eprice_ema_dist": -0.022572425593213555, "initial_qty_pct": 0.023031911109801104, "markup_range": 0, "min_markup": 0.0029258758859865624, "n_close_orders": 15.20343315279316, "rentry_pprice_dist": 0.04682698740242274, "rentry_pprice_dist_wallet_exposure_weighting": 5.223601653700298, "wallet_exposure_limit": 0.09393445737233622}}