{"config_name": "OCEANUSDT__adg_w_exp_mult__absolute__v0", "logging_level": 0, "long": {"auto_unstuck_ema_dist": -0.005383090765047745, "auto_unstuck_wallet_exposure_threshold": 0.07933789910787124, "backwards_tp": true, "ddown_factor": 1.3500363964720676, "ema_span_0": 1239.622496647255, "ema_span_1": 665.1472421378552, "enabled": true, "initial_eprice_ema_dist": -0.010881860906194507, "initial_qty_pct": 0.03981825396920979, "markup_range": 0.0071390911900217945, "min_markup": 0.00188708477192061, "n_close_orders": 14.582981427868253, "rentry_pprice_dist": 0.031602304546185074, "rentry_pprice_dist_wallet_exposure_weighting": 3.8489902233589706, "wallet_exposure_limit": 0.16036015367679507}, "short": {"auto_unstuck_ema_dist": 0.002919048182651434, "auto_unstuck_wallet_exposure_threshold": 0.0681585591417884, "backwards_tp": true, "ddown_factor": 1.1833384758183858, "ema_span_0": 217.5335678283582, "ema_span_1": 967.9397605520833, "enabled": true, "initial_eprice_ema_dist": -0.042203773813534615, "initial_qty_pct": 0.01, "markup_range": 0.009001667092901731, "min_markup": 0.001339410060097178, "n_close_orders": 9.529833216780377, "rentry_pprice_dist": 0.013298749939958037, "rentry_pprice_dist_wallet_exposure_weighting": 14.035223271409556, "wallet_exposure_limit": 0.032689585745030336}}