{"config_name": "OCEANUSDT__adg_w_exp_mult__absolute__v1", "logging_level": 0, "long": {"auto_unstuck_ema_dist": -0.004563258851585686, "auto_unstuck_wallet_exposure_threshold": 0.07588485936330266, "backwards_tp": true, "ddown_factor": 1.4172715178785331, "ema_span_0": 1212.0404714494362, "ema_span_1": 707.1707973082139, "enabled": true, "initial_eprice_ema_dist": -0.012291622017398838, "initial_qty_pct": 0.03852823351040859, "markup_range": 0.0055347767758305005, "min_markup": 0.0047786599943035885, "n_close_orders": 14.968605855416712, "rentry_pprice_dist": 0.031453927351337674, "rentry_pprice_dist_wallet_exposure_weighting": 3.546539709972542, "wallet_exposure_limit": 0.1557399880808444}, "short": {"auto_unstuck_ema_dist": 0.002989607803360605, "auto_unstuck_wallet_exposure_threshold": 0.05389836551681952, "backwards_tp": true, "ddown_factor": 1.0971168496445527, "ema_span_0": 211.55111060619174, "ema_span_1": 1006.8605579603905, "enabled": true, "initial_eprice_ema_dist": -0.04065577389881976, "initial_qty_pct": 0.01, "markup_range": 0.008101485742513915, "min_markup": 0.0017153141902837, "n_close_orders": 9.359581687499057, "rentry_pprice_dist": 0.014449037080445787, "rentry_pprice_dist_wallet_exposure_weighting": 13.378627939224764, "wallet_exposure_limit": 0.0373842660102262}}