{"config_name": "SNXUSDT__adg_weighted_per_exposure_short__absolute__v2", "logging_level": 0, "long": {"auto_unstuck_ema_dist": 0.003, "auto_unstuck_wallet_exposure_threshold": 0.05810955730412676, "backwards_tp": true, "ddown_factor": 1.7769179718672627, "ema_span_0": 873.3780391225845, "ema_span_1": 46.770348738198294, "enabled": true, "initial_eprice_ema_dist": -0.010726910639472148, "initial_qty_pct": 0.01, "markup_range": 0.025178187014841445, "min_markup": 0.0030961948780038086, "n_close_orders": 4.014996860564381, "rentry_pprice_dist": 0.03507549571264701, "rentry_pprice_dist_wallet_exposure_weighting": 0.20338138077146795, "wallet_exposure_limit": 0.14423533935812155}, "short": {"auto_unstuck_ema_dist": -0.0739223794872384, "auto_unstuck_wallet_exposure_threshold": 0.036763731469273114, "backwards_tp": true, "ddown_factor": 1.230635885332563, "ema_span_0": 685.5931206745815, "ema_span_1": 125.5054696006345, "enabled": true, "initial_eprice_ema_dist": -0.07708992892991111, "initial_qty_pct": 0.0385916414781042, "markup_range": 0.06, "min_markup": 0.007792604358564709, "n_close_orders": 6.800420193236377, "rentry_pprice_dist": 0.019118824073220034, "rentry_pprice_dist_wallet_exposure_weighting": 4.338343476039496, "wallet_exposure_limit": 0.025}}