{"config_name": "SOLUSDT__gain_short__absolute__v2", "logging_level": 0, "long": {"auto_unstuck_ema_dist": -0.048396411937861025, "auto_unstuck_wallet_exposure_threshold": 0.034614949161507355, "backwards_tp": true, "ddown_factor": 2.2711762797634583, "ema_span_0": 373.54978042961613, "ema_span_1": 687.4905514810366, "enabled": true, "initial_eprice_ema_dist": -0.019546686788705078, "initial_qty_pct": 0.0971753835243972, "markup_range": 0.008449890894674, "min_markup": 0.0021343170300035927, "n_close_orders": 4.222108228024508, "rentry_pprice_dist": 0.03628829916543268, "rentry_pprice_dist_wallet_exposure_weighting": 4.835574903999083, "wallet_exposure_limit": 0.18908224628784973}, "short": {"auto_unstuck_ema_dist": -0.0876240434110389, "auto_unstuck_wallet_exposure_threshold": 0.07248017495222588, "backwards_tp": true, "ddown_factor": 0.5516538337037314, "ema_span_0": 1437.3421389011728, "ema_span_1": 1204.599317358428, "enabled": true, "initial_eprice_ema_dist": -0.03831198517841356, "initial_qty_pct": 0.018984067310450093, "markup_range": 0.003585246061589206, "min_markup": 0.0026412152371389956, "n_close_orders": 7.896204341115537, "rentry_pprice_dist": 0.04355664124075065, "rentry_pprice_dist_wallet_exposure_weighting": 3.849141113419327, "wallet_exposure_limit": 0.09984427751743659}}