{"config_name": "TOMOUSDT__adg_weighted_per_exposure_long__absolute__v1", "logging_level": 0, "long": {"auto_unstuck_ema_dist": 0.003, "auto_unstuck_wallet_exposure_threshold": 0.05796059193861817, "backwards_tp": true, "ddown_factor": 1.2067270529466696, "ema_span_0": 1334.4402798149727, "ema_span_1": 1098.5805742715843, "enabled": true, "initial_eprice_ema_dist": -0.03565589721311219, "initial_qty_pct": 0.019557337374308356, "markup_range": 0.023636951882714544, "min_markup": 0.007905183607644941, "n_close_orders": 9.234834613651408, "rentry_pprice_dist": 0.018107908096393777, "rentry_pprice_dist_wallet_exposure_weighting": 0, "wallet_exposure_limit": 0.07368604736327192}, "short": {"auto_unstuck_ema_dist": -0.0053192505086245186, "auto_unstuck_wallet_exposure_threshold": 0.09077399705217845, "backwards_tp": true, "ddown_factor": 2.689475271543121, "ema_span_0": 5, "ema_span_1": 420.0025028072604, "enabled": true, "initial_eprice_ema_dist": 0.004, "initial_qty_pct": 0.01, "markup_range": 0.012351497093526896, "min_markup": 0.006553979418225581, "n_close_orders": 8.377041069862802, "rentry_pprice_dist": 0.03738869186365459, "rentry_pprice_dist_wallet_exposure_weighting": 20, "wallet_exposure_limit": 0.042987630193145214}}