{"config_name": "TOMOUSDT__adg_weighted_per_exposure_long__absolute__v2", "logging_level": 0, "long": {"auto_unstuck_ema_dist": 0.001100745997182362, "auto_unstuck_wallet_exposure_threshold": 0.06090977661762782, "backwards_tp": true, "ddown_factor": 1.5566148360748926, "ema_span_0": 5, "ema_span_1": 804.2687718546804, "enabled": true, "initial_eprice_ema_dist": -0.025917921173346695, "initial_qty_pct": 0.013760464464103303, "markup_range": 0.005355384163374682, "min_markup": 0.003924561016140339, "n_close_orders": 9.845539234380638, "rentry_pprice_dist": 0.033266201055467834, "rentry_pprice_dist_wallet_exposure_weighting": 0, "wallet_exposure_limit": 0.11194798105788688}, "short": {"auto_unstuck_ema_dist": -0.010128117907178, "auto_unstuck_wallet_exposure_threshold": 0.1, "backwards_tp": true, "ddown_factor": 2.891385801888948, "ema_span_0": 5, "ema_span_1": 490.0582419427729, "enabled": true, "initial_eprice_ema_dist": -0.004930300470920889, "initial_qty_pct": 0.01955574106715095, "markup_range": 0.004763705898848636, "min_markup": 0.002530220509620042, "n_close_orders": 8.223442782145193, "rentry_pprice_dist": 0.04563764828751484, "rentry_pprice_dist_wallet_exposure_weighting": 17.06880020109948, "wallet_exposure_limit": 0.05660090936701256}}