{"config_name": "TOMOUSDT__adg_weighted_per_exposure_long__absolute__v0", "logging_level": 0, "long": {"auto_unstuck_ema_dist": 0.003, "auto_unstuck_wallet_exposure_threshold": 0.048053781765906085, "backwards_tp": true, "ddown_factor": 1.8822512468280321, "ema_span_0": 471.7777878851798, "ema_span_1": 5, "enabled": true, "initial_eprice_ema_dist": 0.004, "initial_qty_pct": 0.09050497676892509, "markup_range": 0.047097150776640576, "min_markup": 0.01, "n_close_orders": 6.163102687397544, "rentry_pprice_dist": 0.029926301116964007, "rentry_pprice_dist_wallet_exposure_weighting": 0, "wallet_exposure_limit": 0.09553381277256712}, "short": {"auto_unstuck_ema_dist": -0.0998838600702055, "auto_unstuck_wallet_exposure_threshold": 0.04197139820477696, "backwards_tp": true, "ddown_factor": 2.7135739336739366, "ema_span_0": 1440, "ema_span_1": 598.5428431494702, "enabled": true, "initial_eprice_ema_dist": 0.004, "initial_qty_pct": 0.0196878617194123, "markup_range": 0.0037653653888769113, "min_markup": 0.01, "n_close_orders": 16, "rentry_pprice_dist": 0.04568594657560221, "rentry_pprice_dist_wallet_exposure_weighting": 19.932394164711205, "wallet_exposure_limit": 0.05848981634523176}}