{"config_name": "TRXUSDT__score_short__absolute__v2", "logging_level": 0, "long": {"auto_unstuck_ema_dist": -0.1, "auto_unstuck_wallet_exposure_threshold": 0.031366264330190595, "backwards_tp": true, "ddown_factor": 3, "ema_span_0": 1030.3951367084428, "ema_span_1": 387.94216721527476, "enabled": true, "initial_eprice_ema_dist": -0.09806099216051098, "initial_qty_pct": 0.07742263656617389, "markup_range": 0.03822088708393277, "min_markup": 0.01, "n_close_orders": 2, "rentry_pprice_dist": 0.046815311545393284, "rentry_pprice_dist_wallet_exposure_weighting": 20, "wallet_exposure_limit": 0.0652546254868357}, "short": {"auto_unstuck_ema_dist": -0.025213715068487255, "auto_unstuck_wallet_exposure_threshold": 0.1, "backwards_tp": true, "ddown_factor": 2.9147903871174767, "ema_span_0": 65.85286292385865, "ema_span_1": 1100.3490210990178, "enabled": true, "initial_eprice_ema_dist": -0.07433314396905707, "initial_qty_pct": 0.09754919201571582, "markup_range": 0.054195959678055516, "min_markup": 0.006839427501797942, "n_close_orders": 3.8993306736450855, "rentry_pprice_dist": 0.04759526595358076, "rentry_pprice_dist_wallet_exposure_weighting": 12.947913402265803, "wallet_exposure_limit": 0.0980198382087385}}