{"config_name": "BNBUSDT__score_short__absolute__v1", "logging_level": 0, "long": {"auto_unstuck_ema_dist": -0.08566002508299891, "auto_unstuck_wallet_exposure_threshold": 0.03217919074707269, "backwards_tp": true, "ddown_factor": 1.998362149408469, "ema_span_0": 633.3225442949905, "ema_span_1": 873.8849887662645, "enabled": true, "initial_eprice_ema_dist": -0.07031949982632373, "initial_qty_pct": 0.08417116170194995, "markup_range": 0.036156113874871665, "min_markup": 0.003529318093848632, "n_close_orders": 14.658015321170796, "rentry_pprice_dist": 0.041560905267896936, "rentry_pprice_dist_wallet_exposure_weighting": 18.17328511564095, "wallet_exposure_limit": 0.12751290167471183}, "short": {"auto_unstuck_ema_dist": -0.057893436106096506, "auto_unstuck_wallet_exposure_threshold": 0.05528495904093025, "backwards_tp": true, "ddown_factor": 0.7547522825969085, "ema_span_0": 890.6709620994978, "ema_span_1": 253.83741001782067, "enabled": true, "initial_eprice_ema_dist": -0.08436579485385634, "initial_qty_pct": 0.02626887833377045, "markup_range": 0.013013724823797042, "min_markup": 0.00661274804597197, "n_close_orders": 7.953032456936897, "rentry_pprice_dist": 0.04324550003248102, "rentry_pprice_dist_wallet_exposure_weighting": 18.44058555143872, "wallet_exposure_limit": 0.03203081086619117}}