{"config_name": "BNBUSDT__score_short__absolute__v2", "logging_level": 0, "long": {"auto_unstuck_ema_dist": -0.006647357351427471, "auto_unstuck_wallet_exposure_threshold": 0.05866738967997542, "backwards_tp": true, "ddown_factor": 0.7463018648838855, "ema_span_0": 463.6923935787738, "ema_span_1": 520.1761562837825, "enabled": true, "initial_eprice_ema_dist": 0.0007886800474454086, "initial_qty_pct": 0.016366095601476015, "markup_range": 0.005539022175595045, "min_markup": 0.002534907619679426, "n_close_orders": 5.444662844984136, "rentry_pprice_dist": 0.027019647897341806, "rentry_pprice_dist_wallet_exposure_weighting": 7.11646250420057, "wallet_exposure_limit": 0.19790057316051102}, "short": {"auto_unstuck_ema_dist": -0.0017176200863492184, "auto_unstuck_wallet_exposure_threshold": 0.09882419758993226, "backwards_tp": true, "ddown_factor": 1.7860666787844297, "ema_span_0": 788.8996083175317, "ema_span_1": 147.42875210721198, "enabled": true, "initial_eprice_ema_dist": -0.04988594461986323, "initial_qty_pct": 0.06319414959471417, "markup_range": 0.013013724823797042, "min_markup": 0.006229281134337508, "n_close_orders": 14.515041962954427, "rentry_pprice_dist": 0.046890487036563545, "rentry_pprice_dist_wallet_exposure_weighting": 18.3739991555459, "wallet_exposure_limit": 0.06803958229631321}}