{"config_name": "BNBUSDT__score_short__absolute__v0", "logging_level": 0, "long": {"auto_unstuck_ema_dist": -0.010182604904641823, "auto_unstuck_wallet_exposure_threshold": 0.04159371804886545, "backwards_tp": true, "ddown_factor": 1.2752014690021152, "ema_span_0": 1233.2491298033374, "ema_span_1": 871.5849996043162, "enabled": true, "initial_eprice_ema_dist": 0.004, "initial_qty_pct": 0.027385541972722208, "markup_range": 0.0026262147235801736, "min_markup": 0.008329822477026589, "n_close_orders": 5.9793232348733305, "rentry_pprice_dist": 0.014770575402236492, "rentry_pprice_dist_wallet_exposure_weighting": 13.097167238907508, "wallet_exposure_limit": 0.17906060863504775}, "short": {"auto_unstuck_ema_dist": -0.01750086156164232, "auto_unstuck_wallet_exposure_threshold": 0.035837115233977236, "backwards_tp": true, "ddown_factor": 2.2068344178858124, "ema_span_0": 232.5033205902987, "ema_span_1": 176.47966821997295, "enabled": true, "initial_eprice_ema_dist": 0.004, "initial_qty_pct": 0.018141465473182593, "markup_range": 0.006454946343922672, "min_markup": 0.009710508607277846, "n_close_orders": 14.975167361918952, "rentry_pprice_dist": 0.04653258905369876, "rentry_pprice_dist_wallet_exposure_weighting": 19.244372484037484, "wallet_exposure_limit": 0.09685882856376526}}