{"config_name": "BTCUSDT__score_long__absolute__v0", "logging_level": 0, "long": {"auto_unstuck_ema_dist": -0.0427083223043089, "auto_unstuck_wallet_exposure_threshold": 0.07607263917145314, "backwards_tp": true, "ddown_factor": 2.459456424083348, "ema_span_0": 178.63003116425878, "ema_span_1": 1100.5078937058581, "enabled": true, "initial_eprice_ema_dist": -0.06377675711432647, "initial_qty_pct": 0.020464439920849987, "markup_range": 0.025126738841700497, "min_markup": 0.00735897838209352, "n_close_orders": 12.0475043537326, "rentry_pprice_dist": 0.03937515992507352, "rentry_pprice_dist_wallet_exposure_weighting": 17.010400466355176, "wallet_exposure_limit": 0.15151402256650937}, "short": {"auto_unstuck_ema_dist": -0.02266424617735459, "auto_unstuck_wallet_exposure_threshold": 0.07378832124088297, "backwards_tp": true, "ddown_factor": 0.44308605005847324, "ema_span_0": 6.3444850046089325, "ema_span_1": 728.861244064454, "enabled": true, "initial_eprice_ema_dist": -0.0925702039902443, "initial_qty_pct": 0.07260661467894834, "markup_range": 0.0434644929551594, "min_markup": 0.002160627881952946, "n_close_orders": 4.206096575588716, "rentry_pprice_dist": 0.03188087463276865, "rentry_pprice_dist_wallet_exposure_weighting": 11.93509610551926, "wallet_exposure_limit": 0.09986267902047982}}