{"config_name": "CHRUSDT__score_mult__absolute__v2", "logging_level": 0, "long": {"auto_unstuck_ema_dist": 0.0026984735147733696, "auto_unstuck_wallet_exposure_threshold": 0.06462186371348419, "backwards_tp": true, "ddown_factor": 1.3498377893553748, "ema_span_0": 1176.8760191869158, "ema_span_1": 1417.7257961410057, "enabled": true, "initial_eprice_ema_dist": 0.002660169803351851, "initial_qty_pct": 0.07110724088550026, "markup_range": 0.013692317779463871, "min_markup": 0.002941981689083448, "n_close_orders": 9.580070915874606, "rentry_pprice_dist": 0.03949551876574929, "rentry_pprice_dist_wallet_exposure_weighting": 15.475180831609064, "wallet_exposure_limit": 0.10487192315709103}, "short": {"auto_unstuck_ema_dist": -0.05121715822729312, "auto_unstuck_wallet_exposure_threshold": 0.039120616655297626, "backwards_tp": true, "ddown_factor": 1.6106259158950418, "ema_span_0": 175.7754598082329, "ema_span_1": 927.5804856848248, "enabled": true, "initial_eprice_ema_dist": -0.013889219207364936, "initial_qty_pct": 0.03255898058575527, "markup_range": 0.005027425029140299, "min_markup": 0.004024813374716228, "n_close_orders": 5.073802494495007, "rentry_pprice_dist": 0.04837622116229319, "rentry_pprice_dist_wallet_exposure_weighting": 20, "wallet_exposure_limit": 0.099552846295809}}