{"config_name": "ENSUSDT__adg_per_exposure_long__absolute__v1", "logging_level": 0, "long": {"auto_unstuck_ema_dist": 0.003, "auto_unstuck_wallet_exposure_threshold": 0.03734031886182105, "backwards_tp": true, "ddown_factor": 2.3162261262485933, "ema_span_0": 18.65993618809413, "ema_span_1": 996.7046260958368, "enabled": true, "initial_eprice_ema_dist": -0.038439710199384206, "initial_qty_pct": 0.02534983331764, "markup_range": 0.03831390942248091, "min_markup": 0.0028417126807652915, "n_close_orders": 11.703383423238275, "rentry_pprice_dist": 0.026008010808220846, "rentry_pprice_dist_wallet_exposure_weighting": 1.260525315712721, "wallet_exposure_limit": 0.07587341085455389}, "short": {"auto_unstuck_ema_dist": 0.003, "auto_unstuck_wallet_exposure_threshold": 0.07833802055181559, "backwards_tp": true, "ddown_factor": 0.3558732952375956, "ema_span_0": 1178.7662572023676, "ema_span_1": 882.2912442660297, "enabled": true, "initial_eprice_ema_dist": -0.05789463324158471, "initial_qty_pct": 0.032395761800974476, "markup_range": 0.041421720319870556, "min_markup": 0.001098272526243138, "n_close_orders": 2.2464142731397394, "rentry_pprice_dist": 0.034088301407369855, "rentry_pprice_dist_wallet_exposure_weighting": 2.1714160183510445, "wallet_exposure_limit": 0.08391825113749249}}