{"config_name": "ETHUSDT__score_mult__absolute__v0", "logging_level": 0, "long": {"auto_unstuck_ema_dist": -0.09924245965625508, "auto_unstuck_wallet_exposure_threshold": 0.0527236196727574, "backwards_tp": true, "ddown_factor": 2.547105339346387, "ema_span_0": 832.8338485870892, "ema_span_1": 810.4590484137887, "enabled": true, "initial_eprice_ema_dist": -0.005023195398209413, "initial_qty_pct": 0.058756686925903745, "markup_range": 0.05296890779132371, "min_markup": 0.0036459574782249826, "n_close_orders": 10.142168367933671, "rentry_pprice_dist": 0.0492414409638924, "rentry_pprice_dist_wallet_exposure_weighting": 8.965900258237282, "wallet_exposure_limit": 0.1039868317969625}, "short": {"auto_unstuck_ema_dist": -0.02583918893982802, "auto_unstuck_wallet_exposure_threshold": 0.037951198865865315, "backwards_tp": true, "ddown_factor": 1.2920685855265586, "ema_span_0": 1151.2398308698591, "ema_span_1": 1098.4570804249781, "enabled": true, "initial_eprice_ema_dist": -0.08803890851608197, "initial_qty_pct": 0.021555746754738245, "markup_range": 0.026397816990752592, "min_markup": 0.007340236558158587, "n_close_orders": 9.160583716701577, "rentry_pprice_dist": 0.049351180544799256, "rentry_pprice_dist_wallet_exposure_weighting": 18.874784011097855, "wallet_exposure_limit": 0.03814318436830032}}