{"config_name": "GALAUSDT__adg_weighted_per_exposure_short__absolute__v0", "logging_level": 0, "long": {"auto_unstuck_ema_dist": -0.018986942960639644, "auto_unstuck_wallet_exposure_threshold": 0.059631272203848854, "backwards_tp": true, "ddown_factor": 2.880872069185012, "ema_span_0": 686.8970298198392, "ema_span_1": 1405.8188594575918, "enabled": true, "initial_eprice_ema_dist": 0.002958064790094708, "initial_qty_pct": 0.01668171821281183, "markup_range": 0.0016152929857104644, "min_markup": 0.00875497067828425, "n_close_orders": 7.012824944974533, "rentry_pprice_dist": 0.03952877560528465, "rentry_pprice_dist_wallet_exposure_weighting": 0.06472241705796744, "wallet_exposure_limit": 0.19719531873077267}, "short": {"auto_unstuck_ema_dist": -0.0007798561173165768, "auto_unstuck_wallet_exposure_threshold": 0.03825885399126534, "backwards_tp": true, "ddown_factor": 2.821919586372079, "ema_span_0": 534.6690198293467, "ema_span_1": 894.6683564317102, "enabled": true, "initial_eprice_ema_dist": -0.02757112195278584, "initial_qty_pct": 0.08589452915425753, "markup_range": 0.030875252883809347, "min_markup": 0.0037217853946558198, "n_close_orders": 8.7596714416495, "rentry_pprice_dist": 0.013291554350552943, "rentry_pprice_dist_wallet_exposure_weighting": 2.16534408545295, "wallet_exposure_limit": 0.035676407448908445}}