{"config_name": "GALAUSDT__adg_weighted_per_exposure_short__absolute__v2", "logging_level": 0, "long": {"auto_unstuck_ema_dist": -0.05121681251472162, "auto_unstuck_wallet_exposure_threshold": 0.07817210986787759, "backwards_tp": true, "ddown_factor": 1.589799171304896, "ema_span_0": 1440, "ema_span_1": 1389.6370615688834, "enabled": true, "initial_eprice_ema_dist": 0.0009721900357357507, "initial_qty_pct": 0.01395170033855032, "markup_range": 0.037178924880410164, "min_markup": 0.003272645852851152, "n_close_orders": 4.126344931418747, "rentry_pprice_dist": 0.04158043109311323, "rentry_pprice_dist_wallet_exposure_weighting": 8.321965619761377, "wallet_exposure_limit": 0.19719531873077267}, "short": {"auto_unstuck_ema_dist": -0.0013797259147833884, "auto_unstuck_wallet_exposure_threshold": 0.04618980010473864, "backwards_tp": true, "ddown_factor": 2.873814696343811, "ema_span_0": 627.891643174623, "ema_span_1": 944.7716271358626, "enabled": true, "initial_eprice_ema_dist": -0.02638799297500508, "initial_qty_pct": 0.09647786881579819, "markup_range": 0.045483465721229376, "min_markup": 0.00559973430849818, "n_close_orders": 14.11490828427161, "rentry_pprice_dist": 0.013020275093512768, "rentry_pprice_dist_wallet_exposure_weighting": 1.1796784833285456, "wallet_exposure_limit": 0.03147511630486187}}