{"config_name": "GALAUSDT__adg_weighted_per_exposure_short__cluster__v2", "logging_level": 0, "long": {"auto_unstuck_ema_dist": -0.04066078846926078, "auto_unstuck_wallet_exposure_threshold": 0.09185843812345035, "backwards_tp": true, "ddown_factor": 1.3190675259584868, "ema_span_0": 100.32813827089745, "ema_span_1": 1371.8691524665924, "enabled": true, "initial_eprice_ema_dist": 0.00040726795271838574, "initial_qty_pct": 0.018264430831696005, "markup_range": 0.02383101423678057, "min_markup": 0.003121187998874277, "n_close_orders": 14.92204689227312, "rentry_pprice_dist": 0.04099434757033698, "rentry_pprice_dist_wallet_exposure_weighting": 0.26375114279739265, "wallet_exposure_limit": 0.19655158130259182}, "short": {"auto_unstuck_ema_dist": -0.00223938423997532, "auto_unstuck_wallet_exposure_threshold": 0.048724161253560695, "backwards_tp": true, "ddown_factor": 1.1409593386077308, "ema_span_0": 1034.3829087992694, "ema_span_1": 1022.5051887365709, "enabled": true, "initial_eprice_ema_dist": -0.010552548104166727, "initial_qty_pct": 0.0773459753028072, "markup_range": 0.057289585783097494, "min_markup": 0.004210386659660152, "n_close_orders": 5.498403188480613, "rentry_pprice_dist": 0.018312505540979906, "rentry_pprice_dist_wallet_exposure_weighting": 2.527076641894607, "wallet_exposure_limit": 0.03451865400935267}}