{"config_name": "GALUSDT__adg_per_exposure_short__absolute__v0", "logging_level": 0, "long": {"auto_unstuck_ema_dist": -0.03873483086285913, "auto_unstuck_wallet_exposure_threshold": 0.05913245621339072, "backwards_tp": true, "ddown_factor": 0.9663971682907846, "ema_span_0": 978.9440265702858, "ema_span_1": 1173.5898790671702, "enabled": true, "initial_eprice_ema_dist": 0.004, "initial_qty_pct": 0.02446427054013184, "markup_range": 0, "min_markup": 0.008540442504828518, "n_close_orders": 4.138115775049637, "rentry_pprice_dist": 0.030052654239696483, "rentry_pprice_dist_wallet_exposure_weighting": 11.18830873089761, "wallet_exposure_limit": 0.17653989873628823}, "short": {"auto_unstuck_ema_dist": 0.003, "auto_unstuck_wallet_exposure_threshold": 0.03614448454100035, "backwards_tp": true, "ddown_factor": 0.5909176560534417, "ema_span_0": 465.9268827189821, "ema_span_1": 623.1580630663296, "enabled": true, "initial_eprice_ema_dist": -0.0014719870386391079, "initial_qty_pct": 0.07142909087153279, "markup_range": 0.010541365857953094, "min_markup": 0.005403811055924777, "n_close_orders": 8.404989017720261, "rentry_pprice_dist": 0.024450503837829943, "rentry_pprice_dist_wallet_exposure_weighting": 4.358998913087744, "wallet_exposure_limit": 0.09142627089822906}}