{"config_name": "GALUSDT__adg_per_exposure_short__absolute__v2", "logging_level": 0, "long": {"auto_unstuck_ema_dist": -0.08699077431117842, "auto_unstuck_wallet_exposure_threshold": 0.057240314940332396, "backwards_tp": true, "ddown_factor": 0.6414569812905937, "ema_span_0": 1012.701721027172, "ema_span_1": 304.2798496190357, "enabled": true, "initial_eprice_ema_dist": 0.003984291596125549, "initial_qty_pct": 0.017249987600746856, "markup_range": 0, "min_markup": 0.0016401906599378413, "n_close_orders": 5.278541563064862, "rentry_pprice_dist": 0.030545263666618763, "rentry_pprice_dist_wallet_exposure_weighting": 2.9662372226820777, "wallet_exposure_limit": 0.17892433799820107}, "short": {"auto_unstuck_ema_dist": -0.015341384260595756, "auto_unstuck_wallet_exposure_threshold": 0.07787104011752345, "backwards_tp": true, "ddown_factor": 0.22300828619817903, "ema_span_0": 465.9268827189821, "ema_span_1": 511.4227458999024, "enabled": true, "initial_eprice_ema_dist": -0.0010758183128111156, "initial_qty_pct": 0.08646983522774825, "markup_range": 0.008280217453664302, "min_markup": 0.00720338236345531, "n_close_orders": 8.782481350499612, "rentry_pprice_dist": 0.02744488575284442, "rentry_pprice_dist_wallet_exposure_weighting": 4.358998913087744, "wallet_exposure_limit": 0.07217167945467806}}