{"config_name": "GALUSDT__adg_per_exposure_short__absolute__v1", "logging_level": 0, "long": {"auto_unstuck_ema_dist": -0.0026920617607816694, "auto_unstuck_wallet_exposure_threshold": 0.057240314940332396, "backwards_tp": true, "ddown_factor": 0.8546468422958331, "ema_span_0": 1381.0475116837194, "ema_span_1": 716.4893659066724, "enabled": true, "initial_eprice_ema_dist": 0.0010269321434711934, "initial_qty_pct": 0.024990434672817016, "markup_range": 0.0493608474525713, "min_markup": 0.0014394770487496382, "n_close_orders": 11.34129273127373, "rentry_pprice_dist": 0.03698314629081942, "rentry_pprice_dist_wallet_exposure_weighting": 7.9576848355614445, "wallet_exposure_limit": 0.18019814090510144}, "short": {"auto_unstuck_ema_dist": 0.00029253641947479293, "auto_unstuck_wallet_exposure_threshold": 0.035791895160228515, "backwards_tp": true, "ddown_factor": 0.3781875318756352, "ema_span_0": 1332.2243394041639, "ema_span_1": 77.53492158184591, "enabled": true, "initial_eprice_ema_dist": -0.0012889618564372318, "initial_qty_pct": 0.06312329808991869, "markup_range": 0.023410520795517163, "min_markup": 0.0017175078708303881, "n_close_orders": 8.911600738463033, "rentry_pprice_dist": 0.02739191390347338, "rentry_pprice_dist_wallet_exposure_weighting": 4.194199757192827, "wallet_exposure_limit": 0.0744292951161835}}