{"config_name": "JASMYUSDT__score2_mult__cluster__v1", "logging_level": 0, "long": {"auto_unstuck_ema_dist": -0.002815615507662031, "auto_unstuck_wallet_exposure_threshold": 0.03289523268942082, "backwards_tp": true, "ddown_factor": 2.27215676276858, "ema_span_0": 1128.1155145921778, "ema_span_1": 821.003375209584, "enabled": true, "initial_eprice_ema_dist": 0.0037234935216014344, "initial_qty_pct": 0.016611336185768738, "markup_range": 0.0034682964073898485, "min_markup": 0.0011172283532630426, "n_close_orders": 5.085631910914519, "rentry_pprice_dist": 0.04457005943921502, "rentry_pprice_dist_wallet_exposure_weighting": 4.146916386766949, "wallet_exposure_limit": 0.16817660980224364}, "short": {"auto_unstuck_ema_dist": -0.005564311079277254, "auto_unstuck_wallet_exposure_threshold": 0.04187180939978598, "backwards_tp": true, "ddown_factor": 0.40300424502308113, "ema_span_0": 1395.9214881425744, "ema_span_1": 267.81790674736743, "enabled": true, "initial_eprice_ema_dist": 0.004, "initial_qty_pct": 0.04989522203163341, "markup_range": 0.0040876282919996305, "min_markup": 0.007894243560424646, "n_close_orders": 8.979455074302079, "rentry_pprice_dist": 0.03668333354388622, "rentry_pprice_dist_wallet_exposure_weighting": 1.5075540443116116, "wallet_exposure_limit": 0.07524668284619368}}