{"config_name": "JASMYUSDT__score2_mult__cluster__v0", "logging_level": 0, "long": {"auto_unstuck_ema_dist": -0.0037878517551231863, "auto_unstuck_wallet_exposure_threshold": 0.03140516252121127, "backwards_tp": true, "ddown_factor": 2.2250735692081287, "ema_span_0": 1158.9363117875332, "ema_span_1": 82.07398323773934, "enabled": true, "initial_eprice_ema_dist": 0.0037803256053766565, "initial_qty_pct": 0.013531292128941852, "markup_range": 0.001531064817367288, "min_markup": 0.0019439781799243968, "n_close_orders": 13.873179771179007, "rentry_pprice_dist": 0.044810123756203704, "rentry_pprice_dist_wallet_exposure_weighting": 4.208911059098592, "wallet_exposure_limit": 0.1887483165066946}, "short": {"auto_unstuck_ema_dist": -0.0003910859766694855, "auto_unstuck_wallet_exposure_threshold": 0.043116768578330814, "backwards_tp": true, "ddown_factor": 0.5195428670223282, "ema_span_0": 1012.1586351849201, "ema_span_1": 653.556655887611, "enabled": true, "initial_eprice_ema_dist": 0.0029035065818635688, "initial_qty_pct": 0.06690873470874724, "markup_range": 0.0040876282919996305, "min_markup": 0.008336944360066224, "n_close_orders": 13.95520286802046, "rentry_pprice_dist": 0.03217950017147813, "rentry_pprice_dist_wallet_exposure_weighting": 1.4432144911721778, "wallet_exposure_limit": 0.07708234450915383}}