{"config_name": "JASMYUSDT__score2_mult__cluster__v2", "logging_level": 0, "long": {"auto_unstuck_ema_dist": -0.0015535714745499242, "auto_unstuck_wallet_exposure_threshold": 0.052483081447231655, "backwards_tp": true, "ddown_factor": 2.2750376789002367, "ema_span_0": 1129.0385632245236, "ema_span_1": 1009.2048924080497, "enabled": true, "initial_eprice_ema_dist": 0.0037234935216014344, "initial_qty_pct": 0.016611336185768738, "markup_range": 0.0013332334641287663, "min_markup": 0.0013502368305919896, "n_close_orders": 4.256647153685795, "rentry_pprice_dist": 0.045097897504813, "rentry_pprice_dist_wallet_exposure_weighting": 4.208911059098592, "wallet_exposure_limit": 0.17433573903887759}, "short": {"auto_unstuck_ema_dist": -0.00250608218142634, "auto_unstuck_wallet_exposure_threshold": 0.0736768670157728, "backwards_tp": true, "ddown_factor": 0.5238045365963493, "ema_span_0": 1012.1586351849201, "ema_span_1": 267.81790674736743, "enabled": true, "initial_eprice_ema_dist": 0.004, "initial_qty_pct": 0.02096630690799734, "markup_range": 0.0037017648204164238, "min_markup": 0.009075303074812448, "n_close_orders": 15.954319742894814, "rentry_pprice_dist": 0.035876648941840075, "rentry_pprice_dist_wallet_exposure_weighting": 0.7550588524961002, "wallet_exposure_limit": 0.0823123929104732}}