{"config_name": "JASMYUSDT__score2_mult__absolute__v1", "logging_level": 0, "long": {"auto_unstuck_ema_dist": -0.0009648188060443776, "auto_unstuck_wallet_exposure_threshold": 0.03555009398126199, "backwards_tp": true, "ddown_factor": 2.27215676276858, "ema_span_0": 1158.9363117875332, "ema_span_1": 821.003375209584, "enabled": true, "initial_eprice_ema_dist": 0.004, "initial_qty_pct": 0.01639613766168584, "markup_range": 0.0033972508977008634, "min_markup": 0.0025783807519484236, "n_close_orders": 14.265069549860213, "rentry_pprice_dist": 0.044909100465289294, "rentry_pprice_dist_wallet_exposure_weighting": 4.016065609058857, "wallet_exposure_limit": 0.16205597464906607}, "short": {"auto_unstuck_ema_dist": -0.0010889684994828367, "auto_unstuck_wallet_exposure_threshold": 0.09538993529675498, "backwards_tp": true, "ddown_factor": 0.48693843154903743, "ema_span_0": 1384.9498064879874, "ema_span_1": 1308.5480274690788, "enabled": true, "initial_eprice_ema_dist": 0.003657697750609174, "initial_qty_pct": 0.01687478857573612, "markup_range": 0.003370856766158996, "min_markup": 0.008181322390058178, "n_close_orders": 15.803071228451726, "rentry_pprice_dist": 0.03320505904779612, "rentry_pprice_dist_wallet_exposure_weighting": 1.4432144911721778, "wallet_exposure_limit": 0.07894592572353407}}