{"config_name": "LITUSDT__score_mult__cluster__v1", "logging_level": 0, "long": {"auto_unstuck_ema_dist": 0.0003769164338804504, "auto_unstuck_wallet_exposure_threshold": 0.09580661281562168, "backwards_tp": true, "ddown_factor": 0.7835460648405719, "ema_span_0": 167.51180885026173, "ema_span_1": 1391.0688846824899, "enabled": true, "initial_eprice_ema_dist": -0.00443221159814403, "initial_qty_pct": 0.01771090344729053, "markup_range": 0.004472801445331966, "min_markup": 0.003851615053509504, "n_close_orders": 14.300501198427137, "rentry_pprice_dist": 0.041331406643479195, "rentry_pprice_dist_wallet_exposure_weighting": 0, "wallet_exposure_limit": 0.16071563407999967}, "short": {"auto_unstuck_ema_dist": -0.004470885356823251, "auto_unstuck_wallet_exposure_threshold": 0.08006200900716075, "backwards_tp": true, "ddown_factor": 1.0506887885986218, "ema_span_0": 1342.1350991539255, "ema_span_1": 1397.5297197257921, "enabled": true, "initial_eprice_ema_dist": -0.00337918601248854, "initial_qty_pct": 0.044576358408319215, "markup_range": 0, "min_markup": 0.0013229848057932643, "n_close_orders": 3.9299245811145793, "rentry_pprice_dist": 0.03634875294534337, "rentry_pprice_dist_wallet_exposure_weighting": 6.257773267630178, "wallet_exposure_limit": 0.09682212882109724}}