{"config_name": "LITUSDT__score_mult__cluster__v0", "logging_level": 0, "long": {"auto_unstuck_ema_dist": 0.0021795702398817686, "auto_unstuck_wallet_exposure_threshold": 0.09570946483900701, "backwards_tp": true, "ddown_factor": 0.7537591734291789, "ema_span_0": 196.79286214243092, "ema_span_1": 1398.7049005313415, "enabled": true, "initial_eprice_ema_dist": -0.003481639856324404, "initial_qty_pct": 0.01, "markup_range": 0.0024733687921013074, "min_markup": 0.003457634425238627, "n_close_orders": 14.324173269471487, "rentry_pprice_dist": 0.03969106282639829, "rentry_pprice_dist_wallet_exposure_weighting": 0.2653306008748379, "wallet_exposure_limit": 0.14834651866926835}, "short": {"auto_unstuck_ema_dist": 0.0023413951454332913, "auto_unstuck_wallet_exposure_threshold": 0.08679755914120102, "backwards_tp": true, "ddown_factor": 1.029373695596806, "ema_span_0": 1264.4162834050735, "ema_span_1": 165.03913610530418, "enabled": true, "initial_eprice_ema_dist": -0.0026150278089371944, "initial_qty_pct": 0.01, "markup_range": 0, "min_markup": 0.001835543408519865, "n_close_orders": 4.992246917317375, "rentry_pprice_dist": 0.035471568571795765, "rentry_pprice_dist_wallet_exposure_weighting": 6.108151252535763, "wallet_exposure_limit": 0.1}}