{"config_name": "OCEANUSDT__adg_w_exp_mult__cluster__v1", "logging_level": 0, "long": {"auto_unstuck_ema_dist": -0.005560523158494507, "auto_unstuck_wallet_exposure_threshold": 0.03613916514478833, "backwards_tp": true, "ddown_factor": 1.3390422859884623, "ema_span_0": 1377.065005420505, "ema_span_1": 791.096486943444, "enabled": true, "initial_eprice_ema_dist": 0.0013851868781224602, "initial_qty_pct": 0.02745976505634576, "markup_range": 0.04189244207482938, "min_markup": 0.0016237645546330615, "n_close_orders": 13.60065656699458, "rentry_pprice_dist": 0.02458498146927757, "rentry_pprice_dist_wallet_exposure_weighting": 2.566829723384243, "wallet_exposure_limit": 0.2}, "short": {"auto_unstuck_ema_dist": -0.006799173056698802, "auto_unstuck_wallet_exposure_threshold": 0.05001723172612797, "backwards_tp": true, "ddown_factor": 1.0777040902584871, "ema_span_0": 1162.6624599627246, "ema_span_1": 1239.8082737992356, "enabled": true, "initial_eprice_ema_dist": 0.0007303119091693253, "initial_qty_pct": 0.043284539920485025, "markup_range": 0.01867849146174346, "min_markup": 0.0037289151724629434, "n_close_orders": 11.775987300291021, "rentry_pprice_dist": 0.026919726880387452, "rentry_pprice_dist_wallet_exposure_weighting": 3.7248219788275345, "wallet_exposure_limit": 0.07829935119726317}}