{"config_name": "OCEANUSDT__adg_per_exposure_long__absolute__v2", "logging_level": 0, "long": {"auto_unstuck_ema_dist": -0.059113487424100886, "auto_unstuck_wallet_exposure_threshold": 0.038264714124902205, "backwards_tp": true, "ddown_factor": 1.2976753606305247, "ema_span_0": 1298.7363634111455, "ema_span_1": 771.6664254364067, "enabled": true, "initial_eprice_ema_dist": -0.07452149391133135, "initial_qty_pct": 0.056280422977296955, "markup_range": 0.007387257685472306, "min_markup": 0.003011278881806589, "n_close_orders": 3.9318583889786494, "rentry_pprice_dist": 0.022646702037715672, "rentry_pprice_dist_wallet_exposure_weighting": 2.267362645848088, "wallet_exposure_limit": 0.10176964978209128}, "short": {"auto_unstuck_ema_dist": -0.048377803757226404, "auto_unstuck_wallet_exposure_threshold": 0.047444179362851086, "backwards_tp": true, "ddown_factor": 0.5108074980568378, "ema_span_0": 861.1107554246006, "ema_span_1": 1016.605370107779, "enabled": true, "initial_eprice_ema_dist": -0.017747577675852125, "initial_qty_pct": 0.08852488200231591, "markup_range": 0.03505439894314053, "min_markup": 0.004066468293526139, "n_close_orders": 2, "rentry_pprice_dist": 0.027803100646319814, "rentry_pprice_dist_wallet_exposure_weighting": 3.984529139949955, "wallet_exposure_limit": 0.07181028246573072}}