{"config_name": "OCEANUSDT__adg_w_exp_mult__absolute__v2", "logging_level": 0, "long": {"auto_unstuck_ema_dist": -0.017411494513924913, "auto_unstuck_wallet_exposure_threshold": 0.03613916514478833, "backwards_tp": true, "ddown_factor": 2.8511949706622146, "ema_span_0": 1408.1822286626702, "ema_span_1": 863.9926435864634, "enabled": true, "initial_eprice_ema_dist": 0.0005476845979049, "initial_qty_pct": 0.02601290719360389, "markup_range": 0.057041212303547896, "min_markup": 0.006919002580474027, "n_close_orders": 13.475671294295191, "rentry_pprice_dist": 0.04988412239975447, "rentry_pprice_dist_wallet_exposure_weighting": 2.566829723384243, "wallet_exposure_limit": 0.1892238676874495}, "short": {"auto_unstuck_ema_dist": -0.008700202098858472, "auto_unstuck_wallet_exposure_threshold": 0.048347215622611184, "backwards_tp": true, "ddown_factor": 2.387406698946965, "ema_span_0": 298.52181465674477, "ema_span_1": 1358.1226814521426, "enabled": true, "initial_eprice_ema_dist": 0.0012448219498879523, "initial_qty_pct": 0.0589475883566925, "markup_range": 0.0037519621763701582, "min_markup": 0.008196843710680725, "n_close_orders": 4.144695735972054, "rentry_pprice_dist": 0.027597068890015265, "rentry_pprice_dist_wallet_exposure_weighting": 3.8268555888004325, "wallet_exposure_limit": 0.06843855916204966}}