{"config_name": "PEOPLEUSDT__score_long__cluster__v1", "logging_level": 0, "long": {"auto_unstuck_ema_dist": -0.07567279851631757, "auto_unstuck_wallet_exposure_threshold": 0.08026691380772938, "backwards_tp": true, "ddown_factor": 0.6452919568640856, "ema_span_0": 1018.826627703864, "ema_span_1": 1416.8670644448725, "enabled": true, "initial_eprice_ema_dist": -0.0004336267609397343, "initial_qty_pct": 0.0183542073739457, "markup_range": 0.008916888596194971, "min_markup": 0.0030011188539109035, "n_close_orders": 6.663614578403163, "rentry_pprice_dist": 0.032529284304849485, "rentry_pprice_dist_wallet_exposure_weighting": 2.754064921867057, "wallet_exposure_limit": 0.15589464631751035}, "short": {"auto_unstuck_ema_dist": -0.011451796701277661, "auto_unstuck_wallet_exposure_threshold": 0.043430802711554306, "backwards_tp": true, "ddown_factor": 2.4077864803275717, "ema_span_0": 1331.9674901944, "ema_span_1": 867.4993390389683, "enabled": true, "initial_eprice_ema_dist": 0.004, "initial_qty_pct": 0.029685201108386097, "markup_range": 0.0010118385617330886, "min_markup": 0.0010947714040676184, "n_close_orders": 2.974533812879995, "rentry_pprice_dist": 0.045256848398921995, "rentry_pprice_dist_wallet_exposure_weighting": 10.088878077507712, "wallet_exposure_limit": 0.1}}