{"config_name": "PEOPLEUSDT__score_long__cluster__v0", "logging_level": 0, "long": {"auto_unstuck_ema_dist": -0.03399662724898049, "auto_unstuck_wallet_exposure_threshold": 0.03157867902837331, "backwards_tp": true, "ddown_factor": 0.6452919568640856, "ema_span_0": 1379.6645608120596, "ema_span_1": 1421.5646208111173, "enabled": true, "initial_eprice_ema_dist": 0.0012723974501389064, "initial_qty_pct": 0.017738772233481855, "markup_range": 0.008655285389548505, "min_markup": 0.00304053525468311, "n_close_orders": 14.041171525783238, "rentry_pprice_dist": 0.032027314624432895, "rentry_pprice_dist_wallet_exposure_weighting": 2.956503915014766, "wallet_exposure_limit": 0.16371887289508796}, "short": {"auto_unstuck_ema_dist": -0.015462855085059998, "auto_unstuck_wallet_exposure_threshold": 0.049007516986795, "backwards_tp": true, "ddown_factor": 2.3313460916688618, "ema_span_0": 1340.8068307720484, "ema_span_1": 1073.2821562636204, "enabled": true, "initial_eprice_ema_dist": 0.004, "initial_qty_pct": 0.034289561949925815, "markup_range": 0, "min_markup": 0.0012862776537830905, "n_close_orders": 11.295708060221628, "rentry_pprice_dist": 0.04465281349893479, "rentry_pprice_dist_wallet_exposure_weighting": 10.088878077507712, "wallet_exposure_limit": 0.09874775211955443}}