{"config_name": "PEOPLEUSDT__score_long__cluster__v2", "logging_level": 0, "long": {"auto_unstuck_ema_dist": -0.035075045180246574, "auto_unstuck_wallet_exposure_threshold": 0.06090020146452257, "backwards_tp": true, "ddown_factor": 0.66160728080738, "ema_span_0": 1440, "ema_span_1": 1416.8670644448725, "enabled": true, "initial_eprice_ema_dist": -0.0004336267609397343, "initial_qty_pct": 0.02983961174496552, "markup_range": 0.007724152236553065, "min_markup": 0.005156514433165013, "n_close_orders": 6.7431756785169235, "rentry_pprice_dist": 0.031155407175174444, "rentry_pprice_dist_wallet_exposure_weighting": 2.956503915014766, "wallet_exposure_limit": 0.1929739947818194}, "short": {"auto_unstuck_ema_dist": -0.007755856062116479, "auto_unstuck_wallet_exposure_threshold": 0.05073713867879052, "backwards_tp": true, "ddown_factor": 2.4614155810344345, "ema_span_0": 1403.2252366249988, "ema_span_1": 1130.1666461589639, "enabled": true, "initial_eprice_ema_dist": 0.0027181205895555043, "initial_qty_pct": 0.024147368230158527, "markup_range": 0, "min_markup": 0.001, "n_close_orders": 11.365913187659844, "rentry_pprice_dist": 0.04498521323082012, "rentry_pprice_dist_wallet_exposure_weighting": 10.088878077507712, "wallet_exposure_limit": 0.09804064359814671}}