{"config_name": "PEOPLEUSDT__score_mult__cluster__v2", "logging_level": 0, "long": {"auto_unstuck_ema_dist": -0.014178988101954558, "auto_unstuck_wallet_exposure_threshold": 0.03319325752416749, "backwards_tp": true, "ddown_factor": 0.6307443222825967, "ema_span_0": 1418.429379020866, "ema_span_1": 998.8399952245522, "enabled": true, "initial_eprice_ema_dist": 0.0012723974501389064, "initial_qty_pct": 0.024022644529640456, "markup_range": 0.009455084356606788, "min_markup": 0.002672837133702306, "n_close_orders": 7.555714533569116, "rentry_pprice_dist": 0.030425045379189924, "rentry_pprice_dist_wallet_exposure_weighting": 2.956503915014766, "wallet_exposure_limit": 0.1590303160038361}, "short": {"auto_unstuck_ema_dist": -0.007755856062116479, "auto_unstuck_wallet_exposure_threshold": 0.05126296294942611, "backwards_tp": true, "ddown_factor": 2.3306441559338618, "ema_span_0": 1340.8068307720484, "ema_span_1": 944.9339696544877, "enabled": true, "initial_eprice_ema_dist": 0.004, "initial_qty_pct": 0.024147368230158527, "markup_range": 0, "min_markup": 0.001, "n_close_orders": 12.737863288614426, "rentry_pprice_dist": 0.04498521323082012, "rentry_pprice_dist_wallet_exposure_weighting": 9.955173644328525, "wallet_exposure_limit": 0.1}}