{"config_name": "PEOPLEUSDT__adg_per_exposure_long__absolute__v0", "logging_level": 0, "long": {"auto_unstuck_ema_dist": 0.0022349112994678316, "auto_unstuck_wallet_exposure_threshold": 0.03275713565975795, "backwards_tp": true, "ddown_factor": 2.8035348242933664, "ema_span_0": 1155.0874639805093, "ema_span_1": 1094.0354628274526, "enabled": true, "initial_eprice_ema_dist": -0.04817269097177471, "initial_qty_pct": 0.043481803709542265, "markup_range": 0.017633179042173333, "min_markup": 0.0063698899790259654, "n_close_orders": 12.23758029171621, "rentry_pprice_dist": 0.023276187166643644, "rentry_pprice_dist_wallet_exposure_weighting": 9.237200433592625, "wallet_exposure_limit": 0.19130765146731313}, "short": {"auto_unstuck_ema_dist": -0.02517961375465405, "auto_unstuck_wallet_exposure_threshold": 0.05383959706740915, "backwards_tp": true, "ddown_factor": 1.5538145863936084, "ema_span_0": 1241.8774150944598, "ema_span_1": 1348.4775052507368, "enabled": true, "initial_eprice_ema_dist": -0.0013738888080789546, "initial_qty_pct": 0.02423908823553092, "markup_range": 0.008537828573384563, "min_markup": 0.0023137119193011794, "n_close_orders": 16, "rentry_pprice_dist": 0.04514451886516061, "rentry_pprice_dist_wallet_exposure_weighting": 14.032023839460944, "wallet_exposure_limit": 0.08937888321552473}}