{"config_name": "TOMOUSDT__adg_weighted_per_exposure_long__cluster__v0", "logging_level": 0, "long": {"auto_unstuck_ema_dist": -0.006905205358107112, "auto_unstuck_wallet_exposure_threshold": 0.06223467835561929, "backwards_tp": true, "ddown_factor": 0.22566021397855712, "ema_span_0": 954.5078318669825, "ema_span_1": 754.3074998563933, "enabled": true, "initial_eprice_ema_dist": 0.004, "initial_qty_pct": 0.03344161330413668, "markup_range": 0.04347083443006812, "min_markup": 0.008047722643512813, "n_close_orders": 4.3358493812086305, "rentry_pprice_dist": 0.02086229577878767, "rentry_pprice_dist_wallet_exposure_weighting": 2.4822834228544224, "wallet_exposure_limit": 0.05195310116216294}, "short": {"auto_unstuck_ema_dist": -0.09052616029111213, "auto_unstuck_wallet_exposure_threshold": 0.05808728884406762, "backwards_tp": true, "ddown_factor": 0.23385985746429097, "ema_span_0": 1108.56176832859, "ema_span_1": 337.36480388944614, "enabled": true, "initial_eprice_ema_dist": 0.002748371362228247, "initial_qty_pct": 0.04851224004688852, "markup_range": 0.03346194375284578, "min_markup": 0.0023457902390176637, "n_close_orders": 8.890327536057262, "rentry_pprice_dist": 0.03086650676435801, "rentry_pprice_dist_wallet_exposure_weighting": 7.194501282761874, "wallet_exposure_limit": 0.041145810324431056}}