{"config_name": "TOMOUSDT__adg_weighted_per_exposure_long__cluster__v2", "logging_level": 0, "long": {"auto_unstuck_ema_dist": -0.0728226615285969, "auto_unstuck_wallet_exposure_threshold": 0.09202948721885176, "backwards_tp": true, "ddown_factor": 0.2111796942987872, "ema_span_0": 646.1462986469871, "ema_span_1": 1273.3768099855324, "enabled": true, "initial_eprice_ema_dist": -0.05627118884576533, "initial_qty_pct": 0.051379621906147685, "markup_range": 0.03279208764463144, "min_markup": 0.004674944395166917, "n_close_orders": 14.174297399893842, "rentry_pprice_dist": 0.028660375777386057, "rentry_pprice_dist_wallet_exposure_weighting": 3.7678600494700643, "wallet_exposure_limit": 0.056129256830366125}, "short": {"auto_unstuck_ema_dist": -0.08924282983896435, "auto_unstuck_wallet_exposure_threshold": 0.09766973215257739, "backwards_tp": true, "ddown_factor": 1.921696290213902, "ema_span_0": 834.6648528954391, "ema_span_1": 185.9528633104918, "enabled": true, "initial_eprice_ema_dist": -0.08894374833528645, "initial_qty_pct": 0.06625037645784353, "markup_range": 0.001498762553869397, "min_markup": 0.0028368467012556565, "n_close_orders": 8.318246697438841, "rentry_pprice_dist": 0.049876663937052534, "rentry_pprice_dist_wallet_exposure_weighting": 6.301139585859019, "wallet_exposure_limit": 0.08563203040995278}}