{"config_name": "TOMOUSDT__adg_weighted_per_exposure_long__cluster__v1", "logging_level": 0, "long": {"auto_unstuck_ema_dist": -0.008759709322479103, "auto_unstuck_wallet_exposure_threshold": 0.06717702096920099, "backwards_tp": true, "ddown_factor": 1.8502826313545142, "ema_span_0": 1189.2179191130988, "ema_span_1": 483.9495738998373, "enabled": true, "initial_eprice_ema_dist": -0.08818081181491616, "initial_qty_pct": 0.011746947098949391, "markup_range": 0.012858005797152372, "min_markup": 0.007889455548495518, "n_close_orders": 10.370566247176532, "rentry_pprice_dist": 0.030883993598588986, "rentry_pprice_dist_wallet_exposure_weighting": 2.2514084815539324, "wallet_exposure_limit": 0.05731045930769934}, "short": {"auto_unstuck_ema_dist": -0.09584136038074216, "auto_unstuck_wallet_exposure_threshold": 0.06464809772918427, "backwards_tp": true, "ddown_factor": 0.1478830723409953, "ema_span_0": 1163.7278256848438, "ema_span_1": 1422.5134894030996, "enabled": true, "initial_eprice_ema_dist": -0.037111118270020366, "initial_qty_pct": 0.011815290647226456, "markup_range": 0.011560321615036841, "min_markup": 0.001175623983078264, "n_close_orders": 8.500460215212865, "rentry_pprice_dist": 0.04177143027657364, "rentry_pprice_dist_wallet_exposure_weighting": 7.516620710189927, "wallet_exposure_limit": 0.03246143068507079}}