{"config_name": "TOMOUSDT__adg_weighted_per_exposure_long__absolute__v1", "logging_level": 0, "long": {"auto_unstuck_ema_dist": -0.009203962743344896, "auto_unstuck_wallet_exposure_threshold": 0.06081530668457878, "backwards_tp": true, "ddown_factor": 0.12723997753152894, "ema_span_0": 270.49594275157614, "ema_span_1": 613.0562314187267, "enabled": true, "initial_eprice_ema_dist": 0.0022332788480767113, "initial_qty_pct": 0.010860805394967976, "markup_range": 0.05164053611631575, "min_markup": 0.009236490832001412, "n_close_orders": 2.152003594663415, "rentry_pprice_dist": 0.013515886419272323, "rentry_pprice_dist_wallet_exposure_weighting": 2.9094308371284465, "wallet_exposure_limit": 0.16257879175711812}, "short": {"auto_unstuck_ema_dist": -0.09052616029111213, "auto_unstuck_wallet_exposure_threshold": 0.05877742781377064, "backwards_tp": true, "ddown_factor": 0.11355507553023077, "ema_span_0": 717.4716005412813, "ema_span_1": 337.36480388944614, "enabled": true, "initial_eprice_ema_dist": 0.003550075969478959, "initial_qty_pct": 0.03604483363493061, "markup_range": 0.05579966005340365, "min_markup": 0.007017677487829903, "n_close_orders": 9.885853966583479, "rentry_pprice_dist": 0.04147012015665412, "rentry_pprice_dist_wallet_exposure_weighting": 6.301139585859019, "wallet_exposure_limit": 0.08785423808579543}}