{"config_name": "TOMOUSDT__adg_weighted_per_exposure_long__absolute__v0", "logging_level": 0, "long": {"auto_unstuck_ema_dist": -0.030014769124895743, "auto_unstuck_wallet_exposure_threshold": 0.08053174081083096, "backwards_tp": true, "ddown_factor": 2.639364371586993, "ema_span_0": 881.9354967964642, "ema_span_1": 919.9823459501081, "enabled": true, "initial_eprice_ema_dist": -0.011515386348239821, "initial_qty_pct": 0.07622809679497512, "markup_range": 0.03675135852886505, "min_markup": 0.005556156005866999, "n_close_orders": 12.091603999430351, "rentry_pprice_dist": 0.01831235765911977, "rentry_pprice_dist_wallet_exposure_weighting": 3.6015865303177996, "wallet_exposure_limit": 0.13478508825878457}, "short": {"auto_unstuck_ema_dist": -0.032471253796595316, "auto_unstuck_wallet_exposure_threshold": 0.09473546534305659, "backwards_tp": true, "ddown_factor": 0.18577080389231965, "ema_span_0": 690.069140946088, "ema_span_1": 322.92460000966963, "enabled": true, "initial_eprice_ema_dist": -0.08559106850471362, "initial_qty_pct": 0.03465972424282682, "markup_range": 0.0296599355393027, "min_markup": 0.0020941147393884526, "n_close_orders": 9.2395773935373, "rentry_pprice_dist": 0.03941608832428846, "rentry_pprice_dist_wallet_exposure_weighting": 4.2500395682048815, "wallet_exposure_limit": 0.08813602542093076}}