{"config_name": "TRXUSDT__score_mult__absolute__v1", "logging_level": 0, "long": {"auto_unstuck_ema_dist": -0.09435008241040602, "auto_unstuck_wallet_exposure_threshold": 0.03566734820709263, "backwards_tp": true, "ddown_factor": 2.7660430197352897, "ema_span_0": 341.0397306419922, "ema_span_1": 357.0048351901583, "enabled": true, "initial_eprice_ema_dist": -0.03204024122981236, "initial_qty_pct": 0.03370643439100014, "markup_range": 0.04726645348329631, "min_markup": 0.0019453020601797183, "n_close_orders": 11.048352557646888, "rentry_pprice_dist": 0.03149474449198276, "rentry_pprice_dist_wallet_exposure_weighting": 19.70651301955901, "wallet_exposure_limit": 0.1922319690668617}, "short": {"auto_unstuck_ema_dist": 0.003, "auto_unstuck_wallet_exposure_threshold": 0.09000298700170084, "backwards_tp": true, "ddown_factor": 0.23121468155964228, "ema_span_0": 277.7725249824076, "ema_span_1": 1260.2586629869202, "enabled": true, "initial_eprice_ema_dist": 0.003147472136542021, "initial_qty_pct": 0.039447739281553595, "markup_range": 0.0518820317223034, "min_markup": 0.0013919245615154113, "n_close_orders": 3.990452722578477, "rentry_pprice_dist": 0.0294413497565648, "rentry_pprice_dist_wallet_exposure_weighting": 18.69019051687263, "wallet_exposure_limit": 0.08891083165172788}}