{"config_name": "TRXUSDT__score_long__absolute__v1", "logging_level": 0, "long": {"auto_unstuck_ema_dist": -0.07035586265846572, "auto_unstuck_wallet_exposure_threshold": 0.031008607204685422, "backwards_tp": true, "ddown_factor": 2.162093810848442, "ema_span_0": 1292.165803321537, "ema_span_1": 925.5267894703971, "enabled": true, "initial_eprice_ema_dist": -0.08895304126896074, "initial_qty_pct": 0.023293768141634585, "markup_range": 0.03909695922949172, "min_markup": 0.008320320046617398, "n_close_orders": 5.09021234987183, "rentry_pprice_dist": 0.0248426916991605, "rentry_pprice_dist_wallet_exposure_weighting": 15.20116130913496, "wallet_exposure_limit": 0.12335633688358517}, "short": {"auto_unstuck_ema_dist": 0.003, "auto_unstuck_wallet_exposure_threshold": 0.03599837466129776, "backwards_tp": true, "ddown_factor": 0.3010499995855259, "ema_span_0": 623.7738040650092, "ema_span_1": 76.31031155678235, "enabled": true, "initial_eprice_ema_dist": -0.001359720530286483, "initial_qty_pct": 0.017827104168521776, "markup_range": 2.393513863168566e-05, "min_markup": 0.0015226186743529171, "n_close_orders": 12.125491085781533, "rentry_pprice_dist": 0.02724405773466373, "rentry_pprice_dist_wallet_exposure_weighting": 8.509630475976822, "wallet_exposure_limit": 0.07974680257532737}}