{"config_name": "TRXUSDT__score_long__absolute__v2", "logging_level": 0, "long": {"auto_unstuck_ema_dist": 0.0024231513096778234, "auto_unstuck_wallet_exposure_threshold": 0.07980991910856347, "backwards_tp": true, "ddown_factor": 2.791218750717083, "ema_span_0": 1342.7662757441915, "ema_span_1": 527.7502309254248, "enabled": true, "initial_eprice_ema_dist": -0.04667107721015028, "initial_qty_pct": 0.022223376690246592, "markup_range": 0.0004708963364671357, "min_markup": 0.004779058649564166, "n_close_orders": 2.886118655420039, "rentry_pprice_dist": 0.030398173987997337, "rentry_pprice_dist_wallet_exposure_weighting": 17.923983391564416, "wallet_exposure_limit": 0.12862959611608188}, "short": {"auto_unstuck_ema_dist": -0.03613126747914326, "auto_unstuck_wallet_exposure_threshold": 0.06180432711746667, "backwards_tp": true, "ddown_factor": 0.23138681196135194, "ema_span_0": 13.56659295006808, "ema_span_1": 200.96594297936414, "enabled": true, "initial_eprice_ema_dist": -0.08069985553970152, "initial_qty_pct": 0.05798251712856385, "markup_range": 0.0038882747667195448, "min_markup": 0.0015408007843368582, "n_close_orders": 15.25369754794882, "rentry_pprice_dist": 0.03568256588396793, "rentry_pprice_dist_wallet_exposure_weighting": 6.92403983497758, "wallet_exposure_limit": 0.07159935961102132}}