{"config_name": "VETUSDT__score_short__cluster__v1", "logging_level": 0, "long": {"auto_unstuck_ema_dist": -0.006548235615394144, "auto_unstuck_wallet_exposure_threshold": 0.038173606667122696, "backwards_tp": true, "ddown_factor": 0.30631643673593006, "ema_span_0": 159.9957721527699, "ema_span_1": 1064.1928444157572, "enabled": true, "initial_eprice_ema_dist": 0.0037058132188498606, "initial_qty_pct": 0.02989636127670082, "markup_range": 0.002627847751044842, "min_markup": 0.0010787740369924874, "n_close_orders": 7.048258661182566, "rentry_pprice_dist": 0.026049306388865993, "rentry_pprice_dist_wallet_exposure_weighting": 1.3733018365685756, "wallet_exposure_limit": 0.19739484640351168}, "short": {"auto_unstuck_ema_dist": -0.004210956613119414, "auto_unstuck_wallet_exposure_threshold": 0.060808436371640344, "backwards_tp": true, "ddown_factor": 1.0000606192709152, "ema_span_0": 279.56122293322863, "ema_span_1": 1308.0763755448709, "enabled": true, "initial_eprice_ema_dist": 0.0016124176131426065, "initial_qty_pct": 0.020634832742904424, "markup_range": 0, "min_markup": 0.0035636281885176604, "n_close_orders": 3.32238471010662, "rentry_pprice_dist": 0.03611133084083402, "rentry_pprice_dist_wallet_exposure_weighting": 2.5938764293062344, "wallet_exposure_limit": 0.06004415164579869}}