{"config_name": "WAVESUSDT__score2_mult__absolute__v2", "logging_level": 0, "long": {"auto_unstuck_ema_dist": 0.002476274675514048, "auto_unstuck_wallet_exposure_threshold": 0.052364488041660204, "backwards_tp": true, "ddown_factor": 1.1500525960936299, "ema_span_0": 385.3604210467361, "ema_span_1": 357.29758704088147, "enabled": true, "initial_eprice_ema_dist": 0.0008045301160940592, "initial_qty_pct": 0.03236521394173872, "markup_range": 0.0026030664500189243, "min_markup": 0.0015106997871681782, "n_close_orders": 2.556645807278605, "rentry_pprice_dist": 0.039304687059129456, "rentry_pprice_dist_wallet_exposure_weighting": 1.544279184570344, "wallet_exposure_limit": 0.1250370788269629}, "short": {"auto_unstuck_ema_dist": 0.003, "auto_unstuck_wallet_exposure_threshold": 0.05324505140403331, "backwards_tp": true, "ddown_factor": 1.157861145421843, "ema_span_0": 88.78792532407715, "ema_span_1": 320.12826194076825, "enabled": true, "initial_eprice_ema_dist": 0.0011971605547208414, "initial_qty_pct": 0.031108117698503635, "markup_range": 0.025659600882469005, "min_markup": 0.001969458947049864, "n_close_orders": 4.96127976136473, "rentry_pprice_dist": 0.007978644225141555, "rentry_pprice_dist_wallet_exposure_weighting": 4.102214807875958, "wallet_exposure_limit": 0.02990293603811789}}