{"config_name": "WAVESUSDT__adg_weighted_per_exposure_short__cluster__v1", "logging_level": 0, "long": {"auto_unstuck_ema_dist": 0.0028948860908478017, "auto_unstuck_wallet_exposure_threshold": 0.08365661850153058, "backwards_tp": true, "ddown_factor": 1.2120320742613533, "ema_span_0": 999.2149231064152, "ema_span_1": 340.8781804464274, "enabled": true, "initial_eprice_ema_dist": 0.004, "initial_qty_pct": 0.02799547300001589, "markup_range": 0.0027385649105202458, "min_markup": 0.0018050458518201109, "n_close_orders": 5.878447146182929, "rentry_pprice_dist": 0.03428684343263554, "rentry_pprice_dist_wallet_exposure_weighting": 0.9821347401276757, "wallet_exposure_limit": 0.19903697147481753}, "short": {"auto_unstuck_ema_dist": 0.002945974682102313, "auto_unstuck_wallet_exposure_threshold": 0.09781227835597288, "backwards_tp": true, "ddown_factor": 1.1485212076780913, "ema_span_0": 494.38433675110366, "ema_span_1": 344.23927213194736, "enabled": true, "initial_eprice_ema_dist": 0.00014563895093282187, "initial_qty_pct": 0.055386964104551226, "markup_range": 0.025846675178599374, "min_markup": 0.004127446509510524, "n_close_orders": 5.032803403398246, "rentry_pprice_dist": 0.006101308463818087, "rentry_pprice_dist_wallet_exposure_weighting": 3.803232954086346, "wallet_exposure_limit": 0.07000141116881314}}