{"config_name": "WAVESUSDT__adg_weighted_per_exposure_short__absolute__v1", "logging_level": 0, "long": {"auto_unstuck_ema_dist": -0.09922565311253008, "auto_unstuck_wallet_exposure_threshold": 0.05068996157085305, "backwards_tp": true, "ddown_factor": 0.32678112738840437, "ema_span_0": 299.8526785471347, "ema_span_1": 1063.2489733266686, "enabled": true, "initial_eprice_ema_dist": 0.0016069281718289591, "initial_qty_pct": 0.031329251257748096, "markup_range": 0.006751515465710227, "min_markup": 0.0017956167942635203, "n_close_orders": 15.040995423164253, "rentry_pprice_dist": 0.04773043447318059, "rentry_pprice_dist_wallet_exposure_weighting": 9.733691027988952, "wallet_exposure_limit": 0.07832169588054426}, "short": {"auto_unstuck_ema_dist": -0.008448770614435308, "auto_unstuck_wallet_exposure_threshold": 0.04943794752813446, "backwards_tp": true, "ddown_factor": 0.6803625820424514, "ema_span_0": 31.79093476318596, "ema_span_1": 513.2974903036103, "enabled": true, "initial_eprice_ema_dist": -0.05645656412492542, "initial_qty_pct": 0.026075605335976484, "markup_range": 0.04914254780867402, "min_markup": 0.0075804140709376045, "n_close_orders": 9.238228311538832, "rentry_pprice_dist": 0.008884439727224872, "rentry_pprice_dist_wallet_exposure_weighting": 1.2947184530798415, "wallet_exposure_limit": 0.0809069203827758}}