{"config_name": "WAVESUSDT__adg_weighted_per_exposure_short__cluster__v0", "logging_level": 0, "long": {"auto_unstuck_ema_dist": -0.06489842847942064, "auto_unstuck_wallet_exposure_threshold": 0.04929679905960847, "backwards_tp": true, "ddown_factor": 0.35181724264794695, "ema_span_0": 1380.8871190939367, "ema_span_1": 1128.4774549336391, "enabled": true, "initial_eprice_ema_dist": -0.0003814041572097484, "initial_qty_pct": 0.0638052018485538, "markup_range": 0.005237624383420305, "min_markup": 0.001641276863559941, "n_close_orders": 12.209452017552588, "rentry_pprice_dist": 0.04121929660860089, "rentry_pprice_dist_wallet_exposure_weighting": 1.0121199321023748, "wallet_exposure_limit": 0.06482238793032304}, "short": {"auto_unstuck_ema_dist": 0.003, "auto_unstuck_wallet_exposure_threshold": 0.038405982433122016, "backwards_tp": true, "ddown_factor": 1.1506682518004272, "ema_span_0": 70.19680715060605, "ema_span_1": 416.30998463284413, "enabled": true, "initial_eprice_ema_dist": -0.06172148464178743, "initial_qty_pct": 0.08633165106414255, "markup_range": 0.019084983523473993, "min_markup": 0.006746187245728522, "n_close_orders": 7.916532278619057, "rentry_pprice_dist": 0.0068031169550255306, "rentry_pprice_dist_wallet_exposure_weighting": 3.845967096221905, "wallet_exposure_limit": 0.03210747234735158}}