{"config_name": "XMRUSDT__score_short__cluster__v2", "logging_level": 0, "long": {"auto_unstuck_ema_dist": -0.006168528935711794, "auto_unstuck_wallet_exposure_threshold": 0.047097088675338544, "backwards_tp": true, "ddown_factor": 0.39178416082179013, "ema_span_0": 1323.5307000222767, "ema_span_1": 637.7220759433394, "enabled": true, "initial_eprice_ema_dist": 0.002788575216146623, "initial_qty_pct": 0.08160749213548278, "markup_range": 0.0011815708685978768, "min_markup": 0.0019422668122310014, "n_close_orders": 5.318868073110868, "rentry_pprice_dist": 0.028652803984539725, "rentry_pprice_dist_wallet_exposure_weighting": 0.389405091767997, "wallet_exposure_limit": 0.09685633928315673}, "short": {"auto_unstuck_ema_dist": -0.012887145309635296, "auto_unstuck_wallet_exposure_threshold": 0.06229346523748363, "backwards_tp": true, "ddown_factor": 0.38840305422955557, "ema_span_0": 1233.2629759275317, "ema_span_1": 123.87487404195106, "enabled": true, "initial_eprice_ema_dist": 0.004, "initial_qty_pct": 0.04458317543341851, "markup_range": 4.827741258208795e-06, "min_markup": 0.0020578708064699124, "n_close_orders": 4.186867428520828, "rentry_pprice_dist": 0.008005435061210283, "rentry_pprice_dist_wallet_exposure_weighting": 4.369539313546135, "wallet_exposure_limit": 0.07543463561299672}}