{"config_name": "ZECUSDT__score_short__cluster__v0", "logging_level": 0, "long": {"auto_unstuck_ema_dist": -0.06880076236803744, "auto_unstuck_wallet_exposure_threshold": 0.04254377601316662, "backwards_tp": true, "ddown_factor": 0.707802649185491, "ema_span_0": 1326.5272744206645, "ema_span_1": 91.69523804740014, "enabled": true, "initial_eprice_ema_dist": 0.0035102910803523697, "initial_qty_pct": 0.02546479798501651, "markup_range": 0.0015260131368459188, "min_markup": 0.0025528176417000817, "n_close_orders": 12.84170752398386, "rentry_pprice_dist": 0.03359365723683739, "rentry_pprice_dist_wallet_exposure_weighting": 1.6172344032879087, "wallet_exposure_limit": 0.17125994442121542}, "short": {"auto_unstuck_ema_dist": -0.027469484466333106, "auto_unstuck_wallet_exposure_threshold": 0.0625229246553376, "backwards_tp": true, "ddown_factor": 0.736770175136712, "ema_span_0": 711.0036885758974, "ema_span_1": 312.5211952007095, "enabled": true, "initial_eprice_ema_dist": -0.0040016558346254155, "initial_qty_pct": 0.051856720101706305, "markup_range": 0, "min_markup": 0.0031193392588746145, "n_close_orders": 8.58642301985716, "rentry_pprice_dist": 0.03221985318814147, "rentry_pprice_dist_wallet_exposure_weighting": 1.5002961168269455, "wallet_exposure_limit": 0.0859761141031822}}